index,name,activity,celebrity_indice,phone_number,web_site,adresse
1,Bijouterie le DIAMONO,Bijouterie,"3,3 (7)",97 84 40 22,N/A,03BP3792
2,Bijouterie GUISSE DIAMANTAIRE,Bijouterie,"5,0 (3)",52 20 88 88,N/A,52 20 88 88
3,El-Gringo Bijoux DeLuxe Bénin,Vendeur de bijoux en gros,"5,0 (24)",96 25 91 13,N/A,0229
4,bijouterie la maison des bijoux authentiques,Bijouterie,"4,9 (124)",64 50 28 49,N/A,Ave de la Victoire
5,BIJOUTERIE AMOUR D'OR,Bijouterie,"4,6 (14)",61 31 14 21,N/A,99R8+R2
6,La maison des bijoux,Bijoutier,"4,8 (320)",64 50 28 49,N/A,"la maison des bijoux est à sikekodji derrière la place bicentenaire, Cotonou Rue 410"
7,Bijouterie Lingot d'Or,Bijouterie,"4,5 (19)",98 58 94 85,N/A,"Sainte rita 100 mètre avant le feu de la station total en quittant gbèdjromèdé 774, Rue 150"
8,METAL'OR AFRIQUE,Entreprise de construction,N/A N/A,96 02 04 42,N/A,N/A
9,ETASSA HOUEFFA,Acheteur de diamants,N/A N/A,60 02 25 39,N/A,"ZOGBODOMEY, BP00"
10,SBS SA,Aciériste,"4,3 (4)",61 10 03 03,http://www.sbs-benin.com/,"PK 11,3 Route de Porto-Novo, Seme Podji, Djeffa, 05 BP 2365"
11,SEDRIC SARL,Centre commercial,"4,1 (9)",61 07 60 70,https://sedric-sarl.business.site/?utm_source=gmb&utm_medium=referral,06 BP 1157 C/3497 Agla (En face de la nouvelle pharmacie de l'amitié
12,ARTICOIN,Artisanat,"5,0 (1)",97 35 69 09,http://articoin.bj/,N/A
13,Atelier D'électricité Générale,,N/A N/A,https://www.google.com/maps/place/Atelier+D%27%C3%A9lectricit%C3%A9+G%C3%A9n%C3%A9rale/data=!4m7!3m6!1s0x102355476210d5b7:0xc503a2afeb639687!8m2!3d6.3649557!4d2.4478467!16s%2Fg%2F11t__sbjh_!19sChIJt9UQYkdVIxARh5Zj66-iA8U?authuser=0&hl=fr&rclk=1,N/A,"9C7X+X4Q, Lot 83 OHEE"
14,rea&co,Chambre des Métiers et de l'Artisanat,N/A N/A,96 00 00 00,N/A,0022997011182
15,LA TOUR BENIN,Fournisseur de matériaux de construction,"4,0 (120)",97 19 29 79,http://www.latourboutique.com/,"649, Avenue Monseigneur Isidore de SOUZA Carré 161 AKPAKPA FIFATIN 01 B.P.3900"
16,Fabrimetal Benin,Aciériste,"3,6 (8)",https://www.google.com/maps/place/Fabrimetal+Benin/data=!4m7!3m6!1s0x103ca78420ccb4b3:0x7b5100b90431ff!8m2!3d6.3816638!4d2.6318765!16s%2Fg%2F11t7gqhvft!19sChIJs7TMIISnPBAR_zEEuQBRewA?authuser=0&hl=fr&rclk=1,N/A,Zone Industrielle / Lot 05
17,AFRINUTS BENIN,Grossiste de produits agricoles,N/A N/A,63 09 82 63,https://afrinuts-benin.business.site/?utm_source=gmb&utm_medium=referral,02 BP 949
18,AVESIG BENIN,Ingénieur civil,"5,0 (1)",99 53 57 60,https://www.avesig.com/,"Zone Fifadji Houto, Derrière SOBEBRA"
19,ECOMA-BENIN Sarl,Siège social,"4,2 (31)",21 33 23 97,http://www.ecomabenin.com/,BP 01-3364
20,SONIMEX SARL,Fournisseur de matériaux de construction,"4,4 (44)",98 74 08 08,N/A,98 74 08 08
21,AFRIS,Conseil en investissement,N/A N/A,94 68 69 85,N/A,94 68 69 85
22,CJ4 Akpakpa-CIM Bénin,Fournisseur d'équipements électriques,N/A N/A,https://www.google.com/maps/place/CJ4+Akpakpa-CIM+B%C3%A9nin/data=!4m7!3m6!1s0x102355d49f34cffd:0xaa55719da01f4202!8m2!3d6.3487136!4d2.4010694!16s%2Fg%2F11rb06n84q!19sChIJ_c80n9RVIxARAkIfoJ1xVao?authuser=0&hl=fr&rclk=1,N/A,8CX2+FCP
23,ESCOMBENIN - SOCIÉTÉ DE GÉNIE CIVIL ET DE CONSTRUCTION MÉTALLIQUE,Société de travaux publics,"4,7 (6)",97 68 64 36,https://www.escombenin.com/,"face Bar Haute Tension, 98PQ+CX Godomey"
24,Acvdt,Administration,N/A N/A,https://www.google.com/maps/place/Acvdt/data=!4m7!3m6!1s0x102355311f043a6d:0x79f68bd3ee5ccdc!8m2!3d6.346113!4d2.4036063!16s%2Fg%2F11lg282c9s!19sChIJbToEHzFVIxAR3MzlPr1onwc?authuser=0&hl=fr&rclk=1,N/A,"8CW3+CCX, Présidence Road"
25,CEEDIS INTER SARL,Consultant,"4,0 (2)",91 52 35 31,N/A,01BP572
26,Ets Alkorowy,Usine textile,N/A N/A,90 22 71 64,N/A,Carre 970
27,AfricAssurBtp,Architecte,N/A N/A,97 59 71 65,https://africassurbtp.business.site/?utm_source=gmb&utm_medium=referral,02bp916
28,Adjiti Sarl,Épicerie,N/A N/A,97 60 89 80,N/A,N/A
29,CHREALIST SARL,Régie publicitaire,N/A N/A,62 60 02 74,https://www.chrealist.com/,"Zone Fifadji Houto, Derrière SOBEBRA"
30,SIAB (Société Industrielle d'Acier du Bénin),Distributeur d'acier,"4,7 (17)",94 46 70 70,http://www.siab-benin.com/,PK16 RTE DE
31,Roseafricainternational,Exportateur,"5,0 (1)",91 80 28 23,http://roseafricainternational.business.site/,229
32,E-COYE SARL,Cabinet de recrutement,N/A N/A,60 60 79 70,http://www.e-coye.com/,60 60 79 70
33,Adeshine's Store,Magasin,"4,0 (4)",66 48 61 46,N/A,66 48 61 46
34,Cifmas benin,Immeuble en copropriété,N/A N/A,https://www.google.com/maps/place/Cifmas+benin/data=!4m7!3m6!1s0x102355051dd478bf:0xd3bd2f2f4f5323c!8m2!3d6.3726151!4d2.4352323!16s%2Fg%2F11tkbkvmq2!19sChIJv3jUHQVVIxARPDL19PLSOw0?authuser=0&hl=fr&rclk=1,N/A,9CCP+X3Q
35,INTERNATIONAL CONTACX,Conseiller en gestion des affaires,N/A N/A,61 22 97 66,N/A,"5ème étage, 55 Avenue Steinmetz, Imm. ARGG"
36,ASIR & Cie,Centre commercial,"3,5 (10)",63 70 10 20,N/A,"9CMR+C82, Rue Bel Air"
37,AISER-BENIN,Association ou organisation,N/A N/A,66 65 60 96,N/A,66 65 60 96
38,Etrilabs Cotonou Cocotiers,Service de développement commercial,"4,4 (7)",21 35 49 45,http://www.etrilabs.com/,BP6498 Cotonou Benin 57 Rue 12.247 Cocotiers
39,AquaConseils Bénin,Conseil,"5,0 (2)",https://www.google.com/maps/place/AquaConseils+B%C3%A9nin/data=!4m7!3m6!1s0x102355daaaaaaaa9:0x180674f045556483!8m2!3d6.3702928!4d2.3912361!16s%2Fg%2F11gfjs20n1!19sChIJqaqqqtpVIxARg2RVRfB0Bhg?authuser=0&hl=fr&rclk=1,N/A,Lot 1472
40,shopneolife.com/josefrancoiseabada,Business networking company,"1,0 (1)",97 17 45 48,http://shopneolife.com/josefrancoiseabada,BP416
41,L’économiste du Bénin,Services d’information,"5,0 (1)",66 77 22 09,https://leconomistebenin.com/,N/A
42,AÏLÉ CONSULTING,Zone d'activités,N/A N/A,61 33 97 91,N/A,02BP2751
43,anasour52,Grossiste en produits de beauté,N/A N/A,55 91 48 04,N/A,N/A
44,Centre Médical SÊYON,Praticien de médecine alternative,"4,0 (2)",https://www.google.com/maps/place/Centre+M%C3%A9dical+S%C3%8AYON/data=!4m7!3m6!1s0x1023573dc496e829:0xd5a5b8b7d05e9c9e!8m2!3d6.3891479!4d2.3775483!16s%2Fg%2F11gy4__lwq!19sChIJKeiWxD1XIxARnpxe0Le4pdU?authuser=0&hl=fr&rclk=1,N/A,99QH+M23
45,Médecine Naturelle Africaine,Praticien de médecine alternative,"5,0 (1)",52 26 57 35,https://afriquesecretsoin.blogspot.com/,BP : 358
46,Africa Nature Medecine,Naturopathe,N/A N/A,66 55 70 70,https://web.facebook.com/Africa-Nature-104034194646629,"Berge lagunaire Ganhi, rue 834 100 m après la Banque société générale +229 665 570 70"
47,Medecinal Tree,Médecin,N/A N/A,+7 920 470-86-79,N/A,123 Grande rue
48,Médecine naturelle traditionnelle,Praticien de médecine alternative,"5,0 (1)",https://www.google.com/maps/place/M%C3%A9decine+naturelle+traditionnelle/data=!4m7!3m6!1s0x102355c06642a857:0x349796fbb9f71429!8m2!3d6.4503029!4d2.3468126!16s%2Fg%2F11h56q3fcy!19sChIJV6hCZsBVIxARKRT3ufuWlzQ?authuser=0&hl=fr&rclk=1,N/A,N/A
49,Dr. Azzaz,Médecin,"5,0 (1)",90 91 62 85,N/A,"9C48+FWC, Rue 449"
50,CLINIQUE BÉNIN SANTÉ,Médecin de famille,"5,0 (26)",59 28 04 18,N/A,10BP560
51,Cabinet ESPACE BÉNIN SANTÉ,Naturopathe,N/A N/A,98 16 30 59,N/A,01Bp
52,Clinique de L'Union,Clinique,N/A N/A,https://www.google.com/maps/place/Clinique+de+L%27Union/data=!4m7!3m6!1s0x10235435b7a5c28d:0x12ec8e98958819cc!8m2!3d6.3558674!4d2.3990874!16s%2Fg%2F11fy948dcf!19sChIJjcKltzVUIxARzBmIlZiO7BI?authuser=0&hl=fr&rclk=1,N/A,994X+8JW
53,Clinique Coopérative de Sikècodji,Clinique,N/A N/A,21 32 28 54,N/A,"9C99+RWQ, Rue 407"
54,Clinique Boni,Clinique,"1,8 (4)",60 31 31 31,N/A,"9F83+83C, Rue 1200"
55,SEPTIEME Gallery,Galerie d'art,"4,6 (9)",https://www.google.com/maps/place/SEPTIEME+Gallery/data=!4m7!3m6!1s0x102355ffced37877:0xf5fbd42b0b9fb212!8m2!3d6.3588491!4d2.4148675!16s%2Fg%2F11t4dxsps_!19sChIJd3jTzv9VIxARErKfCyvU-_U?authuser=0&hl=fr&rclk=1,N/A,"C/641 bis, Mifongu"
56,Tekof Promo Mode,Agence de mannequins,"4,7 (121)",https://www.google.com/maps/place/Tekof+Promo+Mode/data=!4m7!3m6!1s0x102357f8aa3fd14d:0x9bcb6eefdc4f1a66!8m2!3d6.3578006!4d2.3720916!16s%2Fg%2F11n5d51c6f!19sChIJTdE_qvhXIxARZhpP3O9uy5s?authuser=0&hl=fr&rclk=1,N/A,non loin de l'église céleste Adonaï
57,Agence Dekart,Agence artistique,"3,6 (12)",https://www.google.com/maps/place/Agence+Dekart/data=!4m7!3m6!1s0x102355d8e7d768d5:0x30af615179d56d3e!8m2!3d6.3741899!4d2.3832706!16s%2Fg%2F11c6qrn3q3!19sChIJ1WjX59hVIxARPm3VeVFhrzA?authuser=0&hl=fr&rclk=1,N/A,"99FM+M8C, BTECH SPACE COWORKING, Casse-Auto"
58,Bénin Fashion Institut,Agence de mannequins,"5,0 (24)",https://www.google.com/maps/place/B%C3%A9nin+Fashion+Institut/data=!4m7!3m6!1s0x102357e5d425bf3d:0x18b35060a7a265b3!8m2!3d6.3908743!4d2.3812849!16s%2Fg%2F11h5_t_h7d!19sChIJPb8l1OVXIxARs2Wip2BQsxg?authuser=0&hl=fr&rclk=1,N/A,Rue 2864
59,ANPAC,Agence de mannequins,"4,2 (6)",https://www.google.com/maps/place/ANPAC/data=!4m7!3m6!1s0x1023571e47663d49:0xa33abc6750a0f21e!8m2!3d6.3889009!4d2.3609678!16s%2Fg%2F11nn19h_j5!19sChIJST1mRx5XIxARHvKgUGe8OqM?authuser=0&hl=fr&rclk=1,N/A,N/A
60,Jawuntaa Bénin,Agence de publicité,"4,4 (49)",https://www.google.com/maps/place/Jawuntaa+B%C3%A9nin/data=!4m7!3m6!1s0x103cab4420f598af:0x80b25e23866ac123!8m2!3d6.3645656!4d2.4236045!16s%2Fg%2F11gh95d2y9!19sChIJr5j1IESrPBARI8FqhiNesoA?authuser=0&hl=fr&rclk=1,N/A,N/A
61,Elit Arts,Agence de publicité,"5,0 (7)",https://www.google.com/maps/place/Elit+Arts/data=!4m7!3m6!1s0x1023558e72150a7f:0x924edd509564cafc!8m2!3d6.3834757!4d2.4277274!16s%2Fg%2F11rstc4yzt!19sChIJfwoVco5VIxAR_MpklVDdTpI?authuser=0&hl=fr&rclk=1,N/A,"Rue 520, lot 1017"
62,ici c’est cotonou,Agence artistique,"5,0 (2)",https://www.google.com/maps/place/ici+c%E2%80%99est+cotonou/data=!4m7!3m6!1s0x103cab57f8235c2b:0xbe9b1c2cf2872ed1!8m2!3d6.3779498!4d2.4781565!16s%2Fg%2F11rqn_qknp!19sChIJK1wj-FerPBAR0S6H8iwcm74?authuser=0&hl=fr&rclk=1,N/A,"Avontru, Cotonou, Benin Akpakpa"
63,New Tendance Group,Agence artistique,"5,0 (2)",https://www.google.com/maps/place/New+Tendance+Group/data=!4m7!3m6!1s0x1023568888e30e31:0x6ac97e17c07f8c3!8m2!3d6.3568792!4d2.3706398!16s%2Fg%2F11gb3tgcpy!19sChIJMQ7jiIhWIxARw_gHfOGXrAY?authuser=0&hl=fr&rclk=1,N/A,"994C+Q72, Rue 2341"
64,MOIREI MODELS,Agence artistique,"5,0 (19)",https://www.google.com/maps/place/MOIREI+MODELS/data=!4m7!3m6!1s0x103cabb268b32ea5:0xcec536cad1673f90!8m2!3d6.3676329!4d2.5205168!16s%2Fg%2F11qys97y5g!19sChIJpS6zaLKrPBARkD9n0co2xc4?authuser=0&hl=fr&rclk=1,N/A,9G9C+362
65,La cave du peintre,Agence artistique,"5,0 (1)",https://www.google.com/maps/place/La+cave+du+peintre/data=!4m7!3m6!1s0x10235569a1270953:0x920273b1fc66d06f!8m2!3d6.3745312!4d2.3909787!16s%2Fg%2F11sbwqz_1p!19sChIJUwknoWlVIxARb9Bm_LFzApI?authuser=0&hl=fr&rclk=1,N/A,N/A
66,atelierpaon,Agence de design,"4,8 (28)",https://www.google.com/maps/place/atelierpaon/data=!4m7!3m6!1s0x102354e184d187af:0xd80fae573a7e4397!8m2!3d6.3572371!4d2.4365424!16s%2Fg%2F11b77fy524!19sChIJr4fRhOFUIxARl0N-OleuD9g?authuser=0&hl=fr&rclk=1,N/A,01 BP 1798 30 Rue 5.119
67,FEAX Sarl,Agence artistique,"4,5 (2)",https://www.google.com/maps/place/FEAX+Sarl/data=!4m7!3m6!1s0x1023560e98c30cfb:0xc38da0897d1b42d3!8m2!3d6.3761217!4d2.3410825!16s%2Fg%2F11c706_mmx!19sChIJ-wzDmA5WIxAR00IbfYmgjcM?authuser=0&hl=fr&rclk=1,N/A,"Godomey, Fignohou"
68,3Bars Empire,Agence artistique,"5,0 (2)",https://www.google.com/maps/place/3Bars+Empire/data=!4m7!3m6!1s0x1023543655555555:0x7ba914b71a2f87e8!8m2!3d6.3563037!4d2.3927633!16s%2Fg%2F11csr2gjf3!19sChIJVVVVVTZUIxAR6IcvGrcUqXs?authuser=0&hl=fr&rclk=1,N/A,"Rue 374, Cotonou, Benin Lot M4 Les Cocotiers Bp1450"
69,Mamlaka Design,Agence artistique,"4,0 (1)",https://www.google.com/maps/place/Mamlaka+Design/data=!4m7!3m6!1s0x102355d00735d1a5:0xa62ccb2e42eb9d14!8m2!3d6.3702026!4d2.3909102!16s%2Fg%2F11c5rmcfkn!19sChIJpdE1B9BVIxARFJ3rQi7LLKY?authuser=0&hl=fr&rclk=1,N/A,Rue 2381
70,Atileb'arts,Agence artistique,"5,0 (1)",https://www.google.com/maps/place/Atileb%27arts/data=!4m7!3m6!1s0x102357250ac9ff31:0x9eadb0c6c8adf12d!8m2!3d6.3543003!4d2.3446393!16s%2Fg%2F11ptrwv201!19sChIJMf_JCiVXIxARLfGtyMawrZ4?authuser=0&hl=fr&rclk=1,N/A,Fiyegnon 2 Lot 3554 / C3550
71,Artisttik Africa,Centre culturel,"4,0 (133)",https://www.google.com/maps/place/Artisttik+Africa/data=!4m7!3m6!1s0x1023566d7d9c6001:0x7061f62f9848b2db!8m2!3d6.378806!4d2.3714542!16s%2Fg%2F11dftpgr2q!19sChIJAWCcfW1WIxAR27JImC_2YXA?authuser=0&hl=fr&rclk=1,N/A,99HC+GHG
72,KINI-KINI Bénin,Agence de publicité,"4,2 (33)",https://www.google.com/maps/place/KINI-KINI+B%C3%A9nin/data=!4m7!3m6!1s0x103caaff4a714829:0x6892ec98da55afd9!8m2!3d6.3642469!4d2.4987758!16s%2Fg%2F11g8xj0smd!19sChIJKUhxSv-qPBAR2a9V2pjskmg?authuser=0&hl=fr&rclk=1,N/A,9F7X+MGR
73,bekeer&josrel collection,Agence de mannequins,"5,0 (2)",https://www.google.com/maps/place/bekeer%26josrel+collection/data=!4m7!3m6!1s0x10235518ee19f7cb:0x778a40a4ee0b11fd!8m2!3d6.3919577!4d2.443547!16s%2Fg%2F11fpkxcfj9!19sChIJy_cZ7hhVIxAR_REL7qRAinc?authuser=0&hl=fr&rclk=1,N/A,9CRV+QCM akpakpa
74,Golf Fashion,Agence de mannequins,"4,5 (2)",https://www.google.com/maps/place/Golf+Fashion/data=!4m7!3m6!1s0x10235575630fff65:0x9522dbee0630776f!8m2!3d6.3919218!4d2.4005836!16s%2Fg%2F11qh5j959f!19sChIJZf8PY3VVIxARb3cwBu7bIpU?authuser=0&hl=fr&rclk=1,N/A,9CR2+Q68
75,Institut Artisanal Local d’Orientation (IALO),Consultant,"4,3 (3)",https://www.google.com/maps/place/Institut+Artisanal+Local+d%E2%80%99Orientation+%28IALO%29/data=!4m7!3m6!1s0x1023560855555567:0x37b04634b788125d!8m2!3d6.3889969!4d2.3789279!16s%2Fg%2F11cktgw23k!19sChIJZ1VVVQhWIxARXRKItzRGsDc?authuser=0&hl=fr&rclk=1,N/A,071 pb: 464
76,NoLimit Models Agence,Agence de mannequins,"5,0 (4)",https://www.google.com/maps/place/NoLimit+Models+Agence/data=!4m7!3m6!1s0x1023575615d24fcb:0xf70ae308dc2baa6d!8m2!3d6.3711809!4d2.3448825!16s%2Fg%2F11h8bmsydq!19sChIJy0_SFVZXIxARbaor3AjjCvc?authuser=0&hl=fr&rclk=1,N/A,N/A
77,uniQ Agency,Agence artistique,N/A N/A,https://www.google.com/maps/place/uniQ+Agency/data=!4m7!3m6!1s0x10235780d43e908f:0x926aa9ed6321af49!8m2!3d6.3650891!4d2.3665549!16s%2Fg%2F11tds4m65g!19sChIJj5A-1IBXIxARSa8hY-2papI?authuser=0&hl=fr&rclk=1,N/A,9988+2JM
78,Entrepreneuriat digital et la vente directe par coomerative,Agence artistique,N/A N/A,https://www.google.com/maps/place/Entrepreneuriat+digital+et+la+vente+directe+par+coomerative/data=!4m7!3m6!1s0x1023552f9150bc0b:0xe0145a25aa3e9a09!8m2!3d6.3702928!4d2.3912362!16s%2Fg%2F11tf66dscd!19sChIJC7xQkS9VIxARCZo-qiVaFOA?authuser=0&hl=fr&rclk=1,N/A,Pk10 von en face de l'ancien commissariat Cotonou
79,Impact Sound,Agence artistique,N/A N/A,https://www.google.com/maps/place/Impact+Sound/data=!4m7!3m6!1s0x10235531b94a0dbb:0x766c7b5b38fba206!8m2!3d6.3702928!4d2.3912362!16s%2Fg%2F11mxw_hcqn!19sChIJuw1KuTFVIxARBqL7OFt7bHY?authuser=0&hl=fr&rclk=1,N/A,lot 749
80,ADJINANKOU GROUP | Agence de Communication au Bénin,Agence de publicité,"4,8 (5)",https://www.google.com/maps/place/ADJINANKOU+GROUP+%7C+Agence+de+Communication+au+B%C3%A9nin/data=!4m7!3m6!1s0x102355df55b353fd:0x9cf6fd211856e5b1!8m2!3d6.3711789!4d2.4423497!16s%2Fg%2F11g3bf7q09!19sChIJ_VOzVd9VIxARseVWGCH99pw?authuser=0&hl=fr&rclk=1,N/A,N/A
81,DD Style Africa,Agence de mannequins,N/A N/A,https://www.google.com/maps/place/DD+Style+Africa/data=!4m7!3m6!1s0x1023571229a0fd19:0x7d369480d730f1d0!8m2!3d6.3730626!4d2.3536519!16s%2Fg%2F11tj_25hgq!19sChIJGf2gKRJXIxAR0PEw14CUNn0?authuser=0&hl=fr&rclk=1,N/A,229
82,Angels Models Management,Agence de mannequins,"1,0 (1)",https://www.google.com/maps/place/Angels+Models+Management/data=!4m7!3m6!1s0x10235530c93cbca1:0xb4d459b66d45bb03!8m2!3d6.374285!4d2.3836574!16s%2Fg%2F11qz_slmsq!19sChIJobw8yTBVIxARA7tFbbZZ1LQ?authuser=0&hl=fr&rclk=1,N/A,99FM+PF7
83,Butterfly Concept Benin,Graphiste,"3,8 (11)",https://www.google.com/maps/place/Butterfly+Concept+Benin/data=!4m7!3m6!1s0x102354352c176a89:0xaad922a60d9ac8d1!8m2!3d6.3593724!4d2.3990066!16s%2Fg%2F11b6glf6cp!19sChIJiWoXLDVUIxAR0ciaDaYi2ao?authuser=0&hl=fr&rclk=1,N/A,995X+PJR
84,Babatoundé Maxime AKIYO Ets,Agence artistique,N/A N/A,https://www.google.com/maps/place/Babatound%C3%A9+Maxime+AKIYO+Ets/data=!4m7!3m6!1s0x475085400a74487:0x4496a9bc4a2418e0!8m2!3d6.4150506!4d2.2791339!16s%2Fg%2F11s4ttwkkq!19sChIJh0SnAFQIdQQR4BgkSryplkQ?authuser=0&hl=fr&rclk=1,N/A,N/A
85,"Hall des Arts, Loisirs et Sports",Salle de spectacles,"3,8 (1 445)","https://www.google.com/maps/place/Hall+des+Arts,+Loisirs+et+Sports/data=!4m7!3m6!1s0x102355aaa4b532b7:0xb5f141149ee7771!8m2!3d6.3602874!4d2.4201073!16s%2Fg%2F1tpb83b2!19sChIJtzK1pKpVIxARcXfuSREUXws?authuser=0&hl=fr&rclk=1",N/A,Boulevard Saint Michel
86,Angels Models Management,Agence de mannequins,"4,0 (1)",https://www.google.com/maps/place/Angels+Models+Management/data=!4m7!3m6!1s0x60fdc52626855853:0x26f4bc53b72e15ab!8m2!3d13.4698446!4d137.4248914!16s%2Fg%2F11rq9rw78h!19sChIJU1iFJibF_WARqxUut1O89CY?authuser=0&hl=fr&rclk=1,N/A,N/A
87,uniQ Agency,Agence artistique,N/A N/A,https://www.google.com/maps/place/uniQ+Agency/data=!4m7!3m6!1s0x102357cd3e4aa505:0x1bea1d4a028ba15c!8m2!3d6.35471!4d2.3375724!16s%2Fg%2F11jsq19k82!19sChIJBaVKPs1XIxARXKGLAkod6hs?authuser=0&hl=fr&rclk=1,N/A,983Q+V2P
88,PEKIN SARL,Agence immobilière,"4,4 (17)",https://www.google.com/maps/place/PEKIN+SARL/data=!4m7!3m6!1s0x102355980675c50b:0xc6af1159f7d489f6!8m2!3d6.3811585!4d2.4115148!16s%2Fg%2F11c0rlqgjx!19sChIJC8V1BphVIxAR9onU91kRr8Y?authuser=0&hl=fr&rclk=1,N/A,N/A
89,STUDIO 75,Agence de design,"5,0 (1)",https://www.google.com/maps/place/STUDIO+75/data=!4m7!3m6!1s0x1023558da9ad77f9:0x4172d669a109e0da!8m2!3d6.3755947!4d2.390556!16s%2Fg%2F11rptr0dcl!19sChIJ-XetqY1VIxAR2uAJoWnWckE?authuser=0&hl=fr&rclk=1,N/A,clcam vedoko
90,In'Spiritus,Agence artistique,N/A N/A,https://www.google.com/maps/place/In%27Spiritus/data=!4m7!3m6!1s0x1023576928190123:0x40513ce64433685e!8m2!3d6.3706117!4d2.3565798!16s%2Fg%2F11qz7g7rzq!19sChIJIwEZKGlXIxARXmgzROY8UUA?authuser=0&hl=fr&rclk=1,N/A,99C4+6JW
91,Royal Canin Benin,Agence d'adoption,"4,5 (13)",61 94 96 77,https://royal-canin-benin.business.site/?utm_source=gmb&utm_medium=referral,61 94 96 77
92,TERRES ROUGES,Orphelinat,N/A N/A,N/A,http://www.terresrouges.be/,9C52+8G8
93,ONG HAPPINESS,Organisation non gouvernementale,N/A N/A,61 72 09 76,N/A,"palm beach, lot 006 pk10"
94,Fpetj Benin,Organisation non gouvernementale,N/A N/A,91 00 82 82,N/A,91 00 82 82
95,ONG PAABE,Organisme à but non lucratif,N/A N/A,61 45 77 75,N/A,9CC7+PXW
96,ASSOVIE ONG,Organisation non gouvernementale,"3,8 (4)",64 79 84 84,N/A,"9CH6+WJV, Rue 149"
97,ASSOVIE ONG,Organisation non gouvernementale,"4,7 (3)",64 79 84 84,N/A,"9CH7+PWV, Maison ZODEHOUNGAN"
98,Service d'élevage fermier Agro business Dieu est grand,Service d'adoption d'animaux de compagnie,N/A N/A,97 25 53 94,N/A,Cotonou Cocodji
99,Association de Lutte Contre la Drépanocytose au Bénin(ONG ASSOLUD-BENIN),Association bénévole,"5,0 (2)",98 92 94 16,https://association-de-lutte-contre-la.business.site/?utm_source=gmb&utm_medium=referral,071 BP 487
100,ONG SERVICE AFRICA,Association ou organisation,N/A N/A,98 43 75 75,N/A,02 BP 1489
101,ONG AJEG-Bénin,Centre de services aux familles,N/A N/A,96 61 10 37,N/A,96 61 10 37
102,ONG aganer,Association caritative,N/A N/A,96 40 59 02,N/A,96 40 59 02
103,AADO ONG,Organisation non gouvernementale,"4,7 (6)",97 15 14 56,https://web.facebook.com/ongaadobenin,9FG7+P92
104,SOLIDARITY ONG,Organisation non gouvernementale,"5,0 (10)",67 54 46 32,N/A,Isfop BENIN UNIVERSITY New SITE
105,Ong Ewe Tutu,Organisation de protection de l'environnement,N/A N/A,97 29 00 41,N/A,N/A
106,ONG SAVOIRS D'AFRIQUE PLUS,Organisation non gouvernementale,N/A N/A,96 80 87 23,N/A,99PM+24M
107,AJDAC ONG,Organisme à but non lucratif,"5,0 (1)",61 75 36 09,N/A,"Fidjrossè - Fiyégnon, Rue 12542"
108,Cotonou Accueil,Association ou organisation,"4,2 (6)",62 74 79 89,http://www.cotonouaccueil.com/?page=216&section=239,"31 04, 44 Rue du Gouverneur Fourn"
109,ONG AMIE DES ENFANTS EN SITUATION DIFFICILE,Organisation non gouvernementale,N/A N/A,61 62 64 01,N/A,04BP0714
110,"Atelier Houndeffo, Architecture, Arts & Métiers - AHAAM",Agence d'architecture,"4,5 (15)",97 87 77 66,http://www.latelierhoundeffo.com/,Rue 709
111,Oba Architectes,Agence d'architecture,"4,3 (20)",97 71 24 55,https://obaarchitectes.co/,97 71 24 55
112,COBLOC Architecture,Agence d'architecture,"4,6 (9)",91 71 39 39,http://www.cobloc.archi/,Zongo-Ehuzu N°27 Rue 105.8
113,ATLAS ARCHITECTURE Benin,Architecte,"4,0 (23)",97 69 66 63,http://www.atlas-architecture.com/,Rue 1250
114,TRIUMPHUS SARL,Architecte,"4,4 (10)",97 60 11 03,N/A,9939+JGM
115,Global Archiconsult,Architecte,"4,6 (7)",60 24 74 74,http://www.globalarchiconsult.com/,"99HV+3CW, Voie pavée derrière Funaï"
116,Cabinet Architecture du Soleil,Agence d'architecture,"1,0 (2)",96 94 23 23,http://www.cabinetsoleil.com/,"Ilôt Missité, 94D, Scoa"
117,Avant Projet,Agence d'architecture,"5,0 (3)",21 31 15 91,http://www.avparchi.com/,"Carre 208, Ave Delorme"
118,AGENCE AFRICAINE D'ARCHITECTURE (AAA),Cabinet d'architecte d'intérieur,"2,5 (2)",95 42 88 72,https://www.goafricaonline.com/bj/8247-aaa-architectes-cotonou-benin,"9C62+VPJ, Rue 617A"
119,Cabinet d'architecture du soleil,Agence d'architecture,N/A N/A,https://www.google.com/maps/place/Cabinet+d%27architecture+du+soleil/data=!4m7!3m6!1s0x102355fb9b73c359:0xdaef7116d0321fe9!8m2!3d6.3741605!4d2.4171658!16s%2Fg%2F11t7w1sgnw!19sChIJWcNzm_tVIxAR6R8y0BZx79o?authuser=0&hl=fr&rclk=1,N/A,9CF8+MV7
120,DAOZ AND PARTNERS,Agence d'architecture,"5,0 (1)",95 23 16 16,https://www.daozandpartners.com/,03 BP 1756
121,AV'K Concept,Agence d'architecture,N/A N/A,61 10 10 14,N/A,9C79+WRG
122,LE MAGNIFICK CORPORATE SARL,Agence d'architecture,N/A N/A,97 38 55 89,N/A,C/147 SODJEATIMEY AKPAKPA
123,GRC IMMOBILIER,Agence immobilière,"4,4 (10)",51 51 90 54,N/A,"Jéricho, 04 Bp, 1451 C/0660"
124,KA Archi consult,Architecte,"4,5 (4)",97 92 58 94,N/A,06 BP 282
125,atelierpaon,Agence de design,"4,8 (28)",61 98 41 41,https://www.latelierpaon.com/,01 BP 1798 30 Rue 5.119
126,Usine de Plans,Agence de design,"4,9 (8)",65 32 44 73,https://usinedeplans.com/,01 BP 617
127,INSPIRED DESIGN,Agence d'architecture,N/A N/A,96 97 41 80,N/A,"Immeuble BENELEC, Carré 69, Boulevard Steinmetz"
128,SPARC ARCHITECTS,Agence d'architecture,N/A N/A,61 78 12 93,N/A,Rue des Dako Donou
129,Hélios Engineering Group sarl-Bénin,Ingénieur,"2,7 (3)",96 87 18 38,http://www.helios-corporate.com/,001
130,Bing’s architects,Agence d'architecture,N/A N/A,https://www.google.com/maps/place/Bing%E2%80%99s+architects/data=!4m7!3m6!1s0x1023558ccfbd6e2d:0x2ccdf1d23b1350f3!8m2!3d6.3702928!4d2.3912362!16s%2Fg%2F11trfhr6qm!19sChIJLW69z4xVIxAR81ATO9LxzSw?authuser=0&hl=fr&rclk=1,N/A,N/A
131,Orule Architecture Sarl,Agence d'architecture,N/A N/A,66 47 47 45,N/A,06 Bp1678
132,Invent Innov Architecture.,Architecte,"4,5 (2)",95 95 95 81,https://invent-innov-architecture.business.site/?utm_source=gmb&utm_medium=referral,01 BP 2650
133,ADONAÏ NATION CONCEPT,Agence d'architecture,N/A N/A,96 95 07 50,N/A,034 Agbangnizoun
134,GLOBAL ARCHICONSULT,Cabinet d'architecte d'intérieur,"4,5 (4)",96 85 85 90,https://www.globalarchiconsult.com/,"99HV+5C8, Rue 2521A"
135,Les Ateliers ARKHÊ,Agence d'architecture,N/A N/A,60 19 71 71,N/A,08BP0276 Tri postal
136,sah studio,Agence d'architecture,N/A N/A,69 16 01 53,N/A,LOT 22 24
137,ANISAL SARL,,N/A N/A,62 17 40 40,https://anisal-sarl.business.site/,07 BP 495
138,WESTAF BUSINESS AGENCY,,N/A N/A,21 30 75 00,N/A,081BP7189
139,AFRICA IMMO BENIN,,"4,0 (12)",96 22 48 88,http://www.africaimmobenin.com/,Godomey
140,Architectes du Possible,Architecte,"5,0 (2)",98 74 64 64,https://www.archisdupossible.com/,"998V+QR6, Route de lomé À côté de la pharmacie"
141,Voodoo Concepts,Agence de publicité,"5,0 (1)",95 26 90 75,N/A,Rue 2226
142,BACH & DANlele Architectes,Agence d'architecture,"5,0 (2)",52 37 23 22,N/A,Bp 1419
143,7architectes,Architecte,N/A N/A,52 58 11 11,http://www.7-architectes.com/,03BP1326
144,Renovation | Conception & Construction Bâtiments Durable- CAPEAUX,Entreprise de construction,"5,0 (1)",+233 54 593 2676,https://capeaux.com/fr/acceuil/,Rue 2936
145,Modulor Archi-Urba,Agence d'architecture,"3,5 (2)",https://www.google.com/maps/place/Modulor+Archi-Urba/data=!4m7!3m6!1s0x102355b48bdc0f01:0x4266d80f99325241!8m2!3d6.3620236!4d2.405103!16s%2Fg%2F11f27wdzjz!19sChIJAQ_ci7RVIxARQVIymQ_YZkI?authuser=0&hl=fr&rclk=1,N/A,Cadjehoun 4
146,Afrique Omnitech,Architecte,"4,0 (1)",21 30 18 46,N/A,"Immeuble 40 Logements, Escalier C, 1er Étage Gauche, Patte d'Oie, AHWANLEKO"
147,AfricAssurBtp,Architecte,N/A N/A,97 59 71 65,https://africassurbtp.business.site/?utm_source=gmb&utm_medium=referral,02bp916
148,Atelier kọ,Agence d'architecture,N/A N/A,58 13 75 84,https://www.atelier-ko.com/,01 BP 7240
149,CABINET BIA-ARCHITECTS,Architecte,N/A N/A,97 70 14 12,N/A,03Bp 1529
150,LOGIQUES URBAINES,Agence d'architecture,N/A N/A,67 03 07 87,N/A,Lot 148 Atrokpocodji en face collège la Plénitude +229 67030787
151,VJIC-SERVICE,Agence d'architecture,"3,3 (3)",67 53 60 32,N/A,96326929
152,Bureau,Agence d'architecture,N/A N/A,https://www.google.com/maps/place/Bureau/data=!4m7!3m6!1s0x10235547bfe70a2d:0x5498821f894db8b4!8m2!3d6.3643405!4d2.4003508!16s%2Fg%2F11k_2qyjz3!19sChIJLQrnv0dVIxARtLhNiR-CmFQ?authuser=0&hl=fr&rclk=1,N/A,9C72+P4Q
153,TEPH BTP & SERVICES,Agence d'architecture,"5,0 (1)",https://www.google.com/maps/place/TEPH+BTP+%26+SERVICES/data=!4m7!3m6!1s0x1024a9777d29fcc1:0x6e906dc59e319e99!8m2!3d6.4097085!4d2.3284757!16s%2Fg%2F11hfyjg0_x!19sChIJwfwpfXepJBARmZ4xnsVtkG4?authuser=0&hl=fr&rclk=1,N/A,C85H+V9Q
154,Africaine des Assurances agence de Gbèdjromedé,Agence d'assurance,"4,3 (4)",61 10 53 17,http://www.africaine-assur.com/,9CJ9+GGW
155,Agence Saphir,Agence d'assurance,"5,0 (1)",65 43 43 41,N/A,03BP1926
156,Africaine des Assurances,Agence d'assurance,"3,0 (2)",97 58 40 24,N/A,9CGF+973
157,DALAS INTERNATIONAL SARL,Agence d'assurance,N/A N/A,60 70 81 81,N/A,"9CGG+X2J, Rue 515"
158,A+ Assurances,Agence d'assurance,N/A N/A,67 89 23 13,http://sites.google.com/view/aplusassurances,9CM9+5CP
159,Saham,Agence d'assurance,N/A N/A,https://www.google.com/maps/place/Saham/data=!4m7!3m6!1s0x102355eb55289b07:0x4851dc1971029c67!8m2!3d6.3659666!4d2.4289222!16s%2Fg%2F11j96w8rcg!19sChIJB5soVetVIxARZ5wCcRncUUg?authuser=0&hl=fr&rclk=1,N/A,"9C8H+9HM, Ave Proche"
160,Cauriass Courtage,Agence d'assurance,"4,0 (1)",66 99 79 00,N/A,"9CFF+MQX, Av. de l'Oueme"
161,Atlantique assurances,Agence d'assurance,"4,0 (2)",https://www.google.com/maps/place/Atlantique+assurances/data=!4m7!3m6!1s0x10235594d8c91ef3:0xd741deabb9e95da3!8m2!3d6.3631358!4d2.4251588!16s%2Fg%2F11jfd3kvd9!19sChIJ8x7J2JRVIxARo13puaveQdc?authuser=0&hl=fr&rclk=1,N/A,9C7G+733
162,SAHAM ASSURANCE,Agence d'assurance,"4,5 (13)",61 31 64 65,N/A,Rue 508
163,SUNU ASSURANCE,Agence d'assurance,"5,0 (1)",https://www.google.com/maps/place/SUNU+ASSURANCE/data=!4m7!3m6!1s0x102355bd5ce7b49d:0xcd16256a2da10125!8m2!3d6.3715192!4d2.4261426!16s%2Fg%2F11rv6hksvc!19sChIJnbTnXL1VIxARJQGhLWolFs0?authuser=0&hl=fr&rclk=1,N/A,9CCG+JC4
164,AGENCE BRIAU (NSIA Assurances),Agence d'assurance,N/A N/A,66 66 44 28,N/A,66 66 44 28
165,Africaine des assurances,Agence d'assurance,N/A N/A,https://www.google.com/maps/place/Africaine+des+assurances/data=!4m7!3m6!1s0x10235609a356d981:0xf49f6861a469e036!8m2!3d6.3878756!4d2.3794881!16s%2Fg%2F11ddywhscx!19sChIJgdlWowlWIxARNuBppGFon_Q?authuser=0&hl=fr&rclk=1,N/A,"99QH+5Q5, Rue 2651"
166,Africaine des Assurances,Agence d'assurance,N/A N/A,https://www.google.com/maps/place/Africaine+des+Assurances/data=!4m7!3m6!1s0x102355ed7ab38fa7:0x49e5a6d7c1975b05!8m2!3d6.3908758!4d2.3992593!16s%2Fg%2F11g6x5vb0k!19sChIJp4-zeu1VIxARBVuXwdem5Uk?authuser=0&hl=fr&rclk=1,N/A,99RX+9P2
167,DALAS INTERNATIONAL SARL,Agence d'assurance pour locataires,N/A N/A,https://www.google.com/maps/place/DALAS+INTERNATIONAL+SARL/data=!4m7!3m6!1s0x102355d3c792160b:0x15aa597a7e378a1f!8m2!3d6.3834467!4d2.4282587!16s%2Fg%2F11j7j3w5md!19sChIJCxaSx9NVIxARH4o3fnpZqhU?authuser=0&hl=fr&rclk=1,N/A,9CMH+98C
168,MOHAMED BILL,Agence d'assurance,N/A N/A,https://www.google.com/maps/place/MOHAMED+BILL/data=!4m7!3m6!1s0x1023553ffd2a2165:0x389aded40ba85c3!8m2!3d6.3686194!4d2.4301769!16s%2Fg%2F11t1sfj2pc!19sChIJZSEq_T9VIxARw4W6QO2tiQM?authuser=0&hl=fr&rclk=1,N/A,9C9J+C3V
169,Atlantique Assurance Benin - Agence JMB Sarl,Agence d'assurance,"3,5 (4)",61 01 40 62,N/A,"99V6+3GG, Rue 2180"
170,Africa Brokers' Company-Courtier d'Assurances,Courtier d'assurances,"4,8 (13)",66 33 55 55,https://www.africabrokersonline.com/,"Carrefour ""16 ampoules"
171,ASCOMA BENIN,Agence d'assurance,"4,1 (43)",21 31 31 24,https://www.ascoma.com/ascoma-benin/,Scoa Gbéto – Lot 210 Maison SODOGANDJI
172,AZANIA Assurance (Sanlam),Agence d'assurance,N/A N/A,91 38 25 25,N/A,"SCOA, AZANIA ASSURANCE Rue pavée de l'immeuble amani meubles"
173,EMEREK,Agence d'assurance,"5,0 (1)",99 20 50 50,N/A,"9C7W+5X9, Rue 1200"
174,DOUDEDJI MJP ASSURANCE,Agence d'assurance,N/A N/A,97 19 26 10,N/A,AKPAKPA
175,Agence (SNS) d'Assurance SANLAM,Agence d'assurance,"5,0 (1)",95 45 45 58,N/A,"995C+4W7, Rue 2137"
176,La générale des assurances - Agences Azareel de Godomey,Agence d'assurance,N/A N/A,https://www.google.com/maps/place/La+g%C3%A9n%C3%A9rale+des+assurances+-+Agences+Azareel+de+Godomey/data=!4m7!3m6!1s0x10235723f7202729:0x1cfe5720384ac915!8m2!3d6.3844564!4d2.3467342!16s%2Fg%2F11fqsl1cm7!19sChIJKScg9yNXIxARFclKOCBX_hw?authuser=0&hl=fr&rclk=1,N/A,"98MW+QMQ, Rte de Lomé"
177,SUNU Assurances IARD Bénin,Agence d'assurance,"4,1 (15)",21 31 67 35,https://sunu-group.com/fr/home,21 31 67 35
178,ARIA-BENIN,Agence d'assurance,"4,0 (1)",https://www.google.com/maps/place/ARIA-BENIN/data=!4m7!3m6!1s0x102355c9666e62fd:0x853d42c064abb891!8m2!3d6.3727788!4d2.4421748!16s%2Fg%2F11js3dv7h6!19sChIJ_WJuZslVIxARkbirZMBCPYU?authuser=0&hl=fr&rclk=1,N/A,"9CFR+4V7, Rue Bel Air"
179,"SAHAM ASSURANCE, DIRECTION GENERALE",Compagnie d'assurance automobile,"3,9 (24)",21 31 54 00,N/A,21 31 54 00
180,Salimant ioz,Agence d'assurance,N/A N/A,52 82 39 64,N/A,9F74+68P
181,LMS VIE ZOÉ,Agence d'assurance,N/A N/A,https://www.google.com/maps/place/LMS+VIE+ZO%C3%89/data=!4m7!3m6!1s0x102355a645e3e569:0xe060074e6da2fcef!8m2!3d6.3702928!4d2.3912362!16s%2Fg%2F11jpbnv7wg!19sChIJaeXjRaZVIxAR7_yibU4HYOA?authuser=0&hl=fr&rclk=1,N/A,229 97593338 22995175638
182,CACOFA,Courtier d'assurances,N/A N/A,https://www.google.com/maps/place/CACOFA/data=!4m7!3m6!1s0x102355c743067989:0xea5b942a7236bbae!8m2!3d6.3856641!4d2.4203813!16s%2Fg%2F11qnks0c78!19sChIJiXkGQ8dVIxARrrs2ciqUW-o?authuser=0&hl=fr&rclk=1,N/A,9CPC+756
183,PEBCo yenawa,Agence d'assurance,N/A N/A,https://www.google.com/maps/place/PEBCo+yenawa/data=!4m7!3m6!1s0x102355ca437ba749:0xa50f5fbac2d421!8m2!3d6.3933559!4d2.4487663!16s%2Fg%2F11t0rdpx7v!19sChIJSad7Q8pVIxARIdTCul8PpQA?authuser=0&hl=fr&rclk=1,N/A,9CVX+8GR
184,Western union,Agence d'assurance,N/A N/A,https://www.google.com/maps/place/Western+union/data=!4m7!3m6!1s0x102355a7fae49863:0x214c7fed3239ddd5!8m2!3d6.3981824!4d2.3998834!16s%2Fg%2F11sjhmd7l0!19sChIJY5jk-qdVIxAR1d05Mu1_TCE?authuser=0&hl=fr&rclk=1,N/A,99XX+7XC
185,Ste SOREC Sarl,Agence d'assurance,"5,0 (1)",65 47 87 87,N/A,996H+9RC
186,Adams,Agence d'assurance,N/A N/A,https://www.google.com/maps/place/Adams/data=!4m7!3m6!1s0x103cab443914dde5:0x6ede27b46eb47e4c!8m2!3d6.3727923!4d2.4850469!16s%2Fg%2F11sm75mwry!19sChIJ5d0UOUSrPBARTH60brQn3m4?authuser=0&hl=fr&rclk=1,N/A,9FFP+42
187,GAB du Bénin,Compagnie d'assurance-vie,"4,6 (8)",21 33 82 30,N/A,01 BP 3575 Ganhi
188,SUNU Assurances,Compagnie d'assurance-vie,"4,1 (56)",60 83 80 80,N/A,60 83 80 80
189,ADK COPORATE CEA,Agence d'assurance,N/A N/A,https://www.google.com/maps/place/ADK+COPORATE+CEA/data=!4m7!3m6!1s0x10235523b83a0759:0x6813a42eb8391842!8m2!3d6.3891766!4d2.381644!16s%2Fg%2F11jt71k9l5!19sChIJWQc6uCNVIxARQhg5uC6kE2g?authuser=0&hl=fr&rclk=1,N/A,99QJ+MMC
190,Zorobabel De,Agence d'assurance,N/A N/A,97 01 29 27,N/A,N/A
191,Saham assurance,Compagnie d'assurance,"3,8 (37)",https://www.google.com/maps/place/Saham+assurance/data=!4m7!3m6!1s0x102355411efb66c7:0xa11f8bc44e8707fd!8m2!3d6.3873305!4d2.4467704!16s%2Fg%2F11fmbjl599!19sChIJx2b7HkFVIxAR_QeHTsSLH6E?authuser=0&hl=fr&rclk=1,N/A,"9CPW+WPJ, Rue 1451"
192,Tabitha Assurances Bénin,Courtier d'assurances,N/A N/A,21 31 04 38,N/A,"9C6J+GRR, Ave Proche"
193,Tabitha Assurances,Compagnie d'assurance,"4,7 (3)",https://www.google.com/maps/place/Tabitha+Assurances/data=!4m7!3m6!1s0x102355035c5f7aa1:0x860ef03723052fd8!8m2!3d6.3643017!4d2.4297383!16s%2Fg%2F11gg65gvx9!19sChIJoXpfXANVIxAR2C8FIzfwDoY?authuser=0&hl=fr&rclk=1,N/A,9C7H+PVH
194,SAAB assurance,Agence d'assurance,"4,4 (5)",https://www.google.com/maps/place/SAAB+assurance/data=!4m7!3m6!1s0x1023544a2d2a6edf:0x163b874c6df11cec!8m2!3d6.3548048!4d2.4035763!16s%2Fg%2F11c6v9j1gl!19sChIJ324qLUpUIxAR7BzxbUyHOxY?authuser=0&hl=fr&rclk=1,N/A,9C33+WCG
195,NSIA Assurances Benin,Compagnie d'assurance,"4,0 (211)",21 36 55 00,N/A,"9C5C+P43, Rue des Amoureux"
196,L'Africaine Vie Bénin,Compagnie d'assurance,"4,6 (18)",21 30 39 93,https://africaineviebenin.com/,"Lot 19, Patte d'Oie"
197,CECA-ASSURANCES,Courtier d'assurances,"4,0 (2)",96 47 06 57,https://web.facebook.com/cecaassurance,96 47 06 57
198,VIRGO SERVICE INTER,Agence d'assurance,"4,7 (3)",94 03 13 13,N/A,"9C4H+R57, Rue du Dahomey (Rue 111"
199,Africa BSI - François Masson et Associés,Courtier d'assurances,"4,8 (23)",40 10 21 02,http://www.africa-bsi.com/,"Immeuble SDP, 1354 Boulevard du Canada"
200,Godomey Gare,Agence d'assurance,N/A N/A,https://www.google.com/maps/place/Godomey+Gare/data=!4m7!3m6!1s0x10235744d6da6813:0xde0e8248b629bfa0!8m2!3d6.3774603!4d2.3419215!16s%2Fg%2F11ss65g09l!19sChIJE2ja1kRXIxARoL8ptkiCDt4?authuser=0&hl=fr&rclk=1,N/A,"GARE 03, GODOMEY, BP 3504"
201,FGA du Bénin: Fonds de Garantie Automobile,Agence d'assurance,"4,4 (10)",https://www.google.com/maps/place/FGA+du+B%C3%A9nin:+Fonds+de+Garantie+Automobile/data=!4m7!3m6!1s0x102355f8d6a356b5:0x640c26504994b4b6!8m2!3d6.3724987!4d2.390697!16s%2Fg%2F11r8qbfwqq!19sChIJtVaj1vhVIxARtrSUSVAmDGQ?authuser=0&hl=fr&rclk=1,N/A,Unnamed Road
202,SICAR Sarl,Courtier d'assurances,N/A N/A,97 36 06 06,N/A,"02 BP 1363 Immeuble BALLA, Ilot 284 Face Mosquée Centrale Zongo"
203,SICAR Sarl,Courtier d'assurances,"5,0 (1)",97 36 06 06,N/A,"9C4G+RPR, Face mosquée Zongo à Cotonou"
204,"CAIR Afrique (Courtage, Actuariat, Ingénierie des Risques)",Courtier d'assurances,N/A N/A,61 16 41 96,N/A,Scoa Gbeto
205,Czlavi,Compagnie d'assurance moto,N/A N/A,https://www.google.com/maps/place/Czlavi/data=!4m7!3m6!1s0x102355d2ae57b947:0xaf95bd9e360c0ff!8m2!3d6.3702928!4d2.3912362!16s%2Fg%2F11jyxtj9t7!19sChIJR7lXrtJVIxAR_8Bg49lb-Qo?authuser=0&hl=fr&rclk=1,N/A,99CR+4F9
206,UBA VIE ASSURANCE,Courtier d'assurances,"2,5 (2)",21 32 61 97,N/A,"9C43+428, Rue 390"
207,Sanlam Assurances akpakpa (Sènandé) ex SAHAM,Compagnie d'assurance,"3,8 (16)",96 68 75 32,N/A,Rue 1110
208,Okassur Courtier en Assurances,Courtier d'assurances,"4,8 (16)",97 41 84 86,N/A,97 41 84 86
209,Azur Courtage Assurances,Courtier d'assurances,N/A N/A,91 20 09 64,N/A,"ex immeuble ANPE, SCOA"
210,Atlantique Assurances Bénin,Compagnie d'assurance,"4,2 (64)",21 31 51 48,https://atlantique-assurances-benin.business.site/?utm_source=gmb&utm_medium=referral,04 BP 0851 Siège Social : Lot 103–H Immeuble Atlantique Assurances Quartier
211,FEDAS / Bar-Tito,Courtier d'assurances,"3,3 (16)",95 85 52 85,N/A,9C9C+Q4F
212,Bénin Challenge,Société d'assurance de titres de propriété,"4,7 (10)",61 18 35 26,N/A,9C94+QP3
213,Siège du POOL TPV-TPM,Agence d'assurance,N/A N/A,https://www.google.com/maps/place/Si%C3%A8ge+du+POOL+TPV-TPM/data=!4m7!3m6!1s0x1023555e9b553c1d:0x6bc2b71ce381be4!8m2!3d6.3588461!4d2.4372635!16s%2Fg%2F11tg6w394j!19sChIJHTxVm15VIxAR5Bs4znErvAY?authuser=0&hl=fr&rclk=1,N/A,"1er Etage Bâtiment 158, rue du GUFE, xoxo 10BP543"
214,OLEA Bénin,Courtier d'assurances,"4,8 (4)",60 63 96 96,https://www.olea.africa/benin.php,"Immeuble OCEANE, Champ de FOIRE"
215,Immeuble Atlantique Assurance,Compagnie d'assurance,"3,8 (12)",21 31 51 48,N/A,"9C7J+RJW, Boulevard Steinmetz"
216,EPMB Freeman Assurance,Courtier d'assurances,"4,0 (1)",90 74 86 86,N/A,"Maison EPMB, 01 BP 34 Gbènan, Carré 416 417"
217,ASK GRAS SAVOYE BENIN,Courtier d'assurances,"4,0 (27)",21 30 31 30,http://willistowerswatson.com/,01 BP 6901
218,Cif assurance vie Bénin,Compagnie d'assurance,"4,2 (10)",N/A,http://cif-vie.bj/,BP 0843 ADJAKE 08
219,FEDAS SA (FEDERATION D'ASSURANCES),Compagnie d'assurance,"4,5 (6)",21 31 56 77,N/A,9C7F+6X5
220,SAARB ASSURANCES,Compagnie d'assurance,"4,4 (5)",21 30 02 87,N/A,"9C33+W98, Rue 390"
221,AMAB : ASSURANCE MUTUELLE AGRICOLE DU BÉNIN,Compagnie d'assurance,"3,5 (13)",21 30 11 38,N/A,Rue 614B
222,TOP OFFICE BENIN,Service de transfert d'argent,"5,0 (2)",61 34 73 44,N/A,61 34 73 44
223,NSIA ASSURANCE BENIN,Compagnie d'assurance,"4,1 (11)",https://www.google.com/maps/place/NSIA+ASSURANCE+BENIN/data=!4m7!3m6!1s0x102355b22278212b:0x81550e5d6e54afc2!8m2!3d6.364433!4d2.4097499!16s%2Fg%2F11c52k8s3k!19sChIJKyF4IrJVIxARwq9Ubl0OVYE?authuser=0&hl=fr&rclk=1,N/A,9C75+QVH
224,Générale des assurances du Bénin (GAB),Compagnie d'assurance,"3,8 (54)",21 33 82 30,http://www.gabassurance.com/,21 33 82 30
225,BLOOM Insurance Solutions,Courtier d'assurances,N/A N/A,52 99 05 05,https://bloom.bj/,52 99 05 05
226,Nouvelle Direction Générale de Sanlam Assurance Vie Benin,Siège social,"3,5 (2)",64 18 17 17,http://www.sanlampanafrica.com/,9CCG+M4X
227,AFRICAINE DES ASSURANCES,Siège social,"3,9 (158)",21 33 07 96,http://www.africaine-assur.com/,Mosquée saint jean
228,LB ASSUR,Agence d'assurance,"3,0 (2)",97 14 18 14,N/A,97 14 18 14
229,ALLIANZ ASSURANCE BENIN,Compagnie d'assurance,"5,0 (1)",21 31 70 87,N/A,RNIE1
230,SANLAM ASSURANCES IITA,Agence d'assurance,N/A N/A,99 77 16 22,N/A,Togoudo Carrefour IITA
231,First Line Trading,Agence de voyages,"4,5 (2)",91 27 85 85,http://firstlinetrading.com/,01 BP 1976
232,Sanlam Assurance,Agence d'assurance,N/A N/A,97 49 23 82,N/A,"Zopah, Calavi"
233,CIPE 2,Agence d'assurance,N/A N/A,https://www.google.com/maps/place/CIPE+2/data=!4m7!3m6!1s0x1024a9ff10e73b97:0xb8b3c116fbad85f3!8m2!3d6.4503024!4d2.3468195!16s%2Fg%2F11v0gljq_k!19sChIJlzvnEP-pJBAR84Wt-xbBs7g?authuser=0&hl=fr&rclk=1,N/A,F82W+4PG
234,Africaine des Assurances,Agence d'assurance,"4,0 (2)",21 36 00 50,N/A,C9W3+2MF
235,AHI ASSURANCE,,N/A N/A,66 52 26 45,N/A,9C5Q+59H
236,NSIA ASSURANCE CADJEHOUN,Siège social,"4,1 (13)",https://www.google.com/maps/place/NSIA+ASSURANCE+CADJEHOUN/data=!4m7!3m6!1s0x102355dacd813593:0xe7afbd91cbb05e7b!8m2!3d6.3590406!4d2.3989697!16s%2Fg%2F11fjbtp9j7!19sChIJkzWBzdpVIxARe16wy5G9r-c?authuser=0&hl=fr&rclk=1,N/A,"995X+JH9, Rte de Lomé"
237,Agence d'assurance michel lougoudou,Siège social,N/A N/A,95 40 37 83,N/A,"98XR+WRQ, RNIE2"
238,SAHAM Assurance cotonou siège,Compagnie d'assurance,N/A N/A,https://www.google.com/maps/place/SAHAM+Assurance+cotonou+si%C3%A8ge/data=!4m7!3m6!1s0x1024a9e3d97cf463:0xc0e7b333ee30adb6!8m2!3d6.4664359!4d2.3221191!16s%2Fg%2F11fqbz_w2h!19sChIJY_R82eOpJBARtq0w7jOz58A?authuser=0&hl=fr&rclk=1,N/A,Metropolitan Area
239,Saham Assurance,Agence d'assurance,"3,9 (63)",https://www.google.com/maps/place/Saham+Assurance/data=!4m7!3m6!1s0x1024a84f807a89ab:0xe37471faa865c72!8m2!3d6.4316886!4d2.3316694!16s%2Fg%2F11c6vjkf6v!19sChIJq4l6gE-oJBARclyGqh9HNw4?authuser=0&hl=fr&rclk=1,N/A,"C8JJ+MMF, Rte de Maria Gléta"
240,KPETOU,Agence d'assurance,N/A N/A,https://www.google.com/maps/place/KPETOU/data=!4m7!3m6!1s0x1024a9ebf7f91f39:0x81a20ba8cef78d39!8m2!3d6.474741!4d2.3525847!16s%2Fg%2F11s4ct1rmh!19sChIJOR_59-upJBAROY33zqgLooE?authuser=0&hl=fr&rclk=1,N/A,F9F3+V2W
241,Agence d'assurance ALEPH-MGF,Agence d'assurance,N/A N/A,66 21 28 71,N/A,"9G9C+VF9, Unnamed Road"
242,Lbassur Sarl,Agence d'assurance,N/A N/A,97 74 07 07,N/A,Maison Bonou Quartier Agblangandan Lot 238
243,ATLANTIQUE ASSURANCES BENIN AGENCE AVYVA DE PORTO NOVO,Agence d'assurance,"4,5 (8)",97 08 89 47,https://atlantique-assurances-benin-agence-avyva-de.business.site/?utm_source=gmb&utm_medium=referral,03BP0487
244,APS-BENIN,Siège social,"4,6 (14)",60 11 27 27,http://www.aps-benin.com/,1354 Boulevard du Canada
245,Sanlam Assurance Kotanle Cococodji,Agence d'assurance,N/A N/A,95 41 98 99,N/A,95 41 98 99
246,Abomey Calavi,Agence d'assurance,N/A N/A,https://www.google.com/maps/place/Abomey+Calavi/data=!4m7!3m6!1s0x1024af8a95d2d19b:0xc10af726736f6d05!8m2!3d6.4902448!4d2.3637617!16s%2Fg%2F11kpvwnjg7!19sChIJm9HSlYqvJBARBW1vcyb3CsE?authuser=0&hl=fr&rclk=1,N/A,F9R7+3G
247,Atlantique Assurances Bénin Vie Direction Oueme Plateau,Agence d'assurance,N/A N/A,https://www.google.com/maps/place/Atlantique+Assurances+B%C3%A9nin+Vie+Direction+Oueme+Plateau/data=!4m7!3m6!1s0x103b574e59df9563:0x80670909a7afd78a!8m2!3d6.4786687!4d2.607363!16s%2Fg%2F11td8bygys!19sChIJY5XfWU5XOxARitevpwkJZ4A?authuser=0&hl=fr&rclk=1,N/A,FJH4+FW9
248,ASSURANCE : AGENCE SBAM,Centre commercial,N/A N/A,https://www.google.com/maps/place/ASSURANCE+:+AGENCE+SBAM/data=!4m7!3m6!1s0x1023550911a3a28d:0x770266b88fb4633e!8m2!3d6.3864899!4d2.3824451!16s%2Fg%2F11h7d7zkcy!19sChIJjaKjEQlVIxARPmO0j7hmAnc?authuser=0&hl=fr&rclk=1,N/A,"99PJ+HXW, Rue 2651"
249,Africaine des Assurances agence de Gbèdjromedé,Agence d'assurance,"4,3 (4)",61 10 53 17,http://www.africaine-assur.com/,9CJ9+GGW
250,A+ Assurances,Agence d'assurance,N/A N/A,67 89 23 13,http://sites.google.com/view/aplusassurances,9CM9+5CP
251,Atlantique assurances,Agence d'assurance,"4,0 (2)",https://www.google.com/maps/place/Atlantique+assurances/data=!4m7!3m6!1s0x10235594d8c91ef3:0xd741deabb9e95da3!8m2!3d6.3631358!4d2.4251588!16s%2Fg%2F11jfd3kvd9!19sChIJ8x7J2JRVIxARo13puaveQdc?authuser=0&hl=fr&rclk=1,N/A,9C7G+733
252,SUNU ASSURANCE,Agence d'assurance,"5,0 (1)",https://www.google.com/maps/place/SUNU+ASSURANCE/data=!4m7!3m6!1s0x102355bd5ce7b49d:0xcd16256a2da10125!8m2!3d6.3715192!4d2.4261426!16s%2Fg%2F11rv6hksvc!19sChIJnbTnXL1VIxARJQGhLWolFs0?authuser=0&hl=fr&rclk=1,N/A,9CCG+JC4
253,Atlantique Assurance Benin - Agence JMB Sarl,Agence d'assurance,"3,5 (4)",61 01 40 62,N/A,"99V6+3GG, Rue 2180"
254,Cauriass Courtage,Agence d'assurance,"4,0 (1)",66 99 79 00,N/A,"9CFF+MQX, Av. de l'Oueme"
255,Africaine des Assurances,Agence d'assurance,N/A N/A,https://www.google.com/maps/place/Africaine+des+Assurances/data=!4m7!3m6!1s0x102355ed7ab38fa7:0x49e5a6d7c1975b05!8m2!3d6.3908758!4d2.3992593!16s%2Fg%2F11g6x5vb0k!19sChIJp4-zeu1VIxARBVuXwdem5Uk?authuser=0&hl=fr&rclk=1,N/A,99RX+9P2
256,ASCOMA BENIN,Agence d'assurance,"4,1 (43)",21 31 31 24,https://www.ascoma.com/ascoma-benin/,Scoa Gbéto – Lot 210 Maison SODOGANDJI
257,La générale des assurances - Agences Azareel de Godomey,Agence d'assurance,N/A N/A,https://www.google.com/maps/place/La+g%C3%A9n%C3%A9rale+des+assurances+-+Agences+Azareel+de+Godomey/data=!4m7!3m6!1s0x10235723f7202729:0x1cfe5720384ac915!8m2!3d6.3844564!4d2.3467342!16s%2Fg%2F11fqsl1cm7!19sChIJKScg9yNXIxARFclKOCBX_hw?authuser=0&hl=fr&rclk=1,N/A,"98MW+QMQ, Rte de Lomé"
258,Africa Brokers' Company-Courtier d'Assurances,Courtier d'assurances,"4,8 (13)",66 33 55 55,https://www.africabrokersonline.com/,"Carrefour ""16 ampoules"
259,DOUDEDJI MJP ASSURANCE,Agence d'assurance,N/A N/A,97 19 26 10,N/A,AKPAKPA
260,Cabinet dentaire Richarlayne,Cabinet dentaire,"4,2 (91)",60 91 18 18,N/A,Rue numéro 240 maison Grimaud Cotonou Zongo-Ehuzu
261,Cabinet Dentaire Adeoty,Cabinet dentaire,"4,0 (1)",https://www.google.com/maps/place/Cabinet+Dentaire+Adeoty/data=!4m7!3m6!1s0x102357b937396101:0xcd6e0b0cb93fd13e!8m2!3d6.3890687!4d2.3765476!16s%2Fg%2F11h_cbcs8q!19sChIJAWE5N7lXIxARPtE_uQwLbs0?authuser=0&hl=fr&rclk=1,N/A,"99QG+JJF, Rue 2863"
262,CABINET DENTAIRE DIAMOND,Cabinet dentaire,N/A N/A,94 44 61 61,https://monmedenligne.com/medical/profile/cabinet-dentaire-diamond-19,bar la congolaise
263,LMS VIE ZOÉ,Agence d'assurance,N/A N/A,https://www.google.com/maps/place/LMS+VIE+ZO%C3%89/data=!4m7!3m6!1s0x102355a645e3e569:0xe060074e6da2fcef!8m2!3d6.3702928!4d2.3912362!16s%2Fg%2F11jpbnv7wg!19sChIJaeXjRaZVIxAR7_yibU4HYOA?authuser=0&hl=fr&rclk=1,N/A,229 97593338 22995175638
264,Cabinet dentaire les 3M,Cabinet dentaire,"5,0 (3)",96 32 74 85,N/A,"9CC7+HQP, Rue 218"
265,CABINET DENTAIRE MALOCONI ST JOSEPH,Cabinet dentaire,"3,2 (5)",95 95 15 20,https://cabinet-dentaire-maloconi-st-joseph.business.site/?utm_source=gmb&utm_medium=referral,"parcelle B, lot 1194"
266,Immeuble Atlantique Assurance,Compagnie d'assurance,"3,8 (12)",21 31 51 48,N/A,"9C7J+RJW, Boulevard Steinmetz"
267,ARIA-BENIN,Agence d'assurance,"4,0 (1)",https://www.google.com/maps/place/ARIA-BENIN/data=!4m7!3m6!1s0x102355c9666e62fd:0x853d42c064abb891!8m2!3d6.3727788!4d2.4421748!16s%2Fg%2F11js3dv7h6!19sChIJ_WJuZslVIxARkbirZMBCPYU?authuser=0&hl=fr&rclk=1,N/A,"9CFR+4V7, Rue Bel Air"
268,Cabinet Dentaire Salem,Dentiste,"4,5 (2)",95 95 68 48,https://cabinetdentairesalem.com/,Akpakpa Sodjatimè
269,Cabinet Dentaire De L'Avenue Jean Paul 2,Dentiste,"4,5 (4)",61 36 45 81,https://maraboutavohounhoueze.blogspot.com/?m=1,"993X+WWC, Rte De L'Aéroport"
270,"SAHAM ASSURANCE, DIRECTION GENERALE",Compagnie d'assurance automobile,"3,9 (24)",21 31 54 00,N/A,21 31 54 00
271,Atlantique Assurances Bénin,Compagnie d'assurance,"4,2 (64)",21 31 51 48,https://atlantique-assurances-benin.business.site/?utm_source=gmb&utm_medium=referral,04 BP 0851 Siège Social : Lot 103–H Immeuble Atlantique Assurances Quartier
272,SUNU Assurances IARD Bénin,Agence d'assurance,"4,1 (15)",21 31 67 35,https://sunu-group.com/fr/home,21 31 67 35
273,Cabinet Dentaire Djossou,Cabinet dentaire,"4,2 (9)",95 91 15 15,N/A,C/422
274,Tabitha Assurances,Compagnie d'assurance,"4,7 (3)",https://www.google.com/maps/place/Tabitha+Assurances/data=!4m7!3m6!1s0x102355035c5f7aa1:0x860ef03723052fd8!8m2!3d6.3643017!4d2.4297383!16s%2Fg%2F11gg65gvx9!19sChIJoXpfXANVIxAR2C8FIzfwDoY?authuser=0&hl=fr&rclk=1,N/A,9C7H+PVH
275,Cabinet dentaire Pk3,Cabinet dentaire,N/A N/A,21 33 21 05,N/A,9FC7+8M5
276,SUNU Assurances,Compagnie d'assurance-vie,"4,1 (56)",60 83 80 80,N/A,60 83 80 80
277,Nouvelle Direction Générale de Sanlam Assurance Vie Benin,Siège social,"3,5 (2)",64 18 17 17,http://www.sanlampanafrica.com/,9CCG+M4X
278,Tabitha Assurances Bénin,Courtier d'assurances,N/A N/A,21 31 04 38,N/A,"9C6J+GRR, Ave Proche"
279,Okassur Courtier en Assurances,Courtier d'assurances,"4,8 (16)",97 41 84 86,N/A,97 41 84 86
280,Azur Courtage Assurances,Courtier d'assurances,N/A N/A,91 20 09 64,N/A,"ex immeuble ANPE, SCOA"
281,Générale des assurances du Bénin (GAB),Compagnie d'assurance,"3,8 (54)",21 33 82 30,http://www.gabassurance.com/,21 33 82 30
282,OLEA Bénin,Courtier d'assurances,"4,8 (4)",60 63 96 96,https://www.olea.africa/benin.php,"Immeuble OCEANE, Champ de FOIRE"
283,Cabinet Dentaire KPONON,Cabinet dentaire,N/A N/A,97 25 12 72,N/A,9F9J+8XW
284,ASK GRAS SAVOYE BENIN,Courtier d'assurances,"4,0 (27)",21 30 31 30,http://willistowerswatson.com/,01 BP 6901
285,ALLIANZ ASSURANCE BENIN,Compagnie d'assurance,"5,0 (1)",21 31 70 87,N/A,RNIE1
286,AFRICAINE DES ASSURANCES,Siège social,"3,9 (158)",21 33 07 96,http://www.africaine-assur.com/,Mosquée saint jean
287,AHI ASSURANCE,,N/A N/A,66 52 26 45,N/A,9C5Q+59H
288,ATLANTIQUE ASSURANCES BENIN AGENCE AVYVA DE PORTO NOVO,Agence d'assurance,"4,5 (8)",97 08 89 47,https://atlantique-assurances-benin-agence-avyva-de.business.site/?utm_source=gmb&utm_medium=referral,03BP0487
289,INTERNATIONAL CONTACX,Conseiller en gestion des affaires,N/A N/A,61 22 97 66,N/A,"5ème étage, 55 Avenue Steinmetz, Imm. ARGG"
290,AAZ Conseil Expertise et Audit,Cabinet d'expertise comptable,"5,0 (3)",59 11 11 66,http://www.aazexperts.com/,9928+4V
291,贝宁律所,Cabinet d'avocats,N/A N/A,https://www.google.com/maps/place/%E8%B4%9D%E5%AE%81%E5%BE%8B%E6%89%80/data=!4m7!3m6!1s0x102355489fca33e7:0x56562cf28206eb00!8m2!3d6.3631156!4d2.4339924!16s%2Fg%2F11ssz8xf25!19sChIJ5zPKn0hVIxARAOsGgvIsVlY?authuser=0&hl=fr&rclk=1,N/A,9C7M+7JF
292,Agence Nationale de Surveillance des SFD du Bénin,Siège social,"4,4 (9)",21 30 90 58,N/A,21 30 90 58
293,Cabinet Dentaire L'Espérance,Cabinet dentaire,N/A N/A,https://www.google.com/maps/place/Cabinet+Dentaire+L%27Esp%C3%A9rance/data=!4m7!3m6!1s0x1024a97b1a322937:0xb2f39f9b1d33a025!8m2!3d6.4362099!4d2.3361086!16s%2Fg%2F11scfpcg_j!19sChIJNykyGnupJBARJaAzHZuf87I?authuser=0&hl=fr&rclk=1,N/A,C8PP+FCQ
294,DALAS INTERNATIONAL SARL,Agence d'assurance pour locataires,N/A N/A,https://www.google.com/maps/place/DALAS+INTERNATIONAL+SARL/data=!4m7!3m6!1s0x102355d3c792160b:0x15aa597a7e378a1f!8m2!3d6.3834467!4d2.4282587!16s%2Fg%2F11j7j3w5md!19sChIJCxaSx9NVIxARH4o3fnpZqhU?authuser=0&hl=fr&rclk=1,N/A,9CMH+98C
295,Africa Brokers' Company-Courtier d'Assurances,Courtier d'assurances,"4,8 (13)",66 33 55 55,https://www.africabrokersonline.com/,"Carrefour ""16 ampoules"
296,Africaine des Assurances agence de Gbèdjromedé,Agence d'assurance,"4,3 (4)",61 10 53 17,http://www.africaine-assur.com/,9CJ9+GGW
297,Africaine des Assurances,Agence d'assurance,"3,0 (2)",97 58 40 24,N/A,9CGF+973
298,A+ Assurances,Agence d'assurance,N/A N/A,67 89 23 13,http://sites.google.com/view/aplusassurances,9CM9+5CP
299,SUNU ASSURANCE,Agence d'assurance,"5,0 (1)",https://www.google.com/maps/place/SUNU+ASSURANCE/data=!4m7!3m6!1s0x102355bd5ce7b49d:0xcd16256a2da10125!8m2!3d6.3715192!4d2.4261426!16s%2Fg%2F11rv6hksvc!19sChIJnbTnXL1VIxARJQGhLWolFs0?authuser=0&hl=fr&rclk=1,N/A,9CCG+JC4
300,ASCOMA BENIN,Agence d'assurance,"4,1 (43)",21 31 31 24,https://www.ascoma.com/ascoma-benin/,Scoa Gbéto – Lot 210 Maison SODOGANDJI
301,Atlantique assurances,Agence d'assurance,"4,0 (2)",https://www.google.com/maps/place/Atlantique+assurances/data=!4m7!3m6!1s0x10235594d8c91ef3:0xd741deabb9e95da3!8m2!3d6.3631358!4d2.4251588!16s%2Fg%2F11jfd3kvd9!19sChIJ8x7J2JRVIxARo13puaveQdc?authuser=0&hl=fr&rclk=1,N/A,9C7G+733
302,Cauriass Courtage,Agence d'assurance,"4,0 (1)",66 99 79 00,N/A,"9CFF+MQX, Av. de l'Oueme"
303,Azur Courtage Assurances,Courtier d'assurances,N/A N/A,91 20 09 64,N/A,"ex immeuble ANPE, SCOA"
304,La générale des assurances - Agences Azareel de Godomey,Agence d'assurance,N/A N/A,https://www.google.com/maps/place/La+g%C3%A9n%C3%A9rale+des+assurances+-+Agences+Azareel+de+Godomey/data=!4m7!3m6!1s0x10235723f7202729:0x1cfe5720384ac915!8m2!3d6.3844564!4d2.3467342!16s%2Fg%2F11fqsl1cm7!19sChIJKScg9yNXIxARFclKOCBX_hw?authuser=0&hl=fr&rclk=1,N/A,"98MW+QMQ, Rte de Lomé"
305,Okassur Courtier en Assurances,Courtier d'assurances,"4,8 (16)",97 41 84 86,N/A,97 41 84 86
306,AZANIA Assurance (Sanlam),Agence d'assurance,N/A N/A,91 38 25 25,N/A,"SCOA, AZANIA ASSURANCE Rue pavée de l'immeuble amani meubles"
307,Africaine des assurances,Agence d'assurance,N/A N/A,https://www.google.com/maps/place/Africaine+des+assurances/data=!4m7!3m6!1s0x10235609a356d981:0xf49f6861a469e036!8m2!3d6.3878756!4d2.3794881!16s%2Fg%2F11ddywhscx!19sChIJgdlWowlWIxARNuBppGFon_Q?authuser=0&hl=fr&rclk=1,N/A,"99QH+5Q5, Rue 2651"
308,"SAHAM ASSURANCE, DIRECTION GENERALE",Compagnie d'assurance automobile,"3,9 (24)",21 31 54 00,N/A,21 31 54 00
309,Africaine des Assurances,Agence d'assurance,N/A N/A,https://www.google.com/maps/place/Africaine+des+Assurances/data=!4m7!3m6!1s0x102355ed7ab38fa7:0x49e5a6d7c1975b05!8m2!3d6.3908758!4d2.3992593!16s%2Fg%2F11g6x5vb0k!19sChIJp4-zeu1VIxARBVuXwdem5Uk?authuser=0&hl=fr&rclk=1,N/A,99RX+9P2
310,Atlantique Assurance Benin - Agence JMB Sarl,Agence d'assurance,"3,5 (4)",61 01 40 62,N/A,"99V6+3GG, Rue 2180"
311,SUNU Assurances,Compagnie d'assurance-vie,"4,1 (56)",60 83 80 80,N/A,60 83 80 80
312,Tabitha Assurances Bénin,Courtier d'assurances,N/A N/A,21 31 04 38,N/A,"9C6J+GRR, Ave Proche"
313,SUNU Assurances IARD Bénin,Agence d'assurance,"4,1 (15)",21 31 67 35,https://sunu-group.com/fr/home,21 31 67 35
314,NSIA Assurances Benin,Compagnie d'assurance,"4,0 (211)",21 36 55 00,N/A,"9C5C+P43, Rue des Amoureux"
315,bank.kredit,Établissement de crédit,N/A N/A,+51 901 571 976,N/A,8
316,RESIT TECHNOLOGIES,Établissement de crédit,N/A N/A,97 88 62 38,N/A,01-3486
317,Vital Finance,Établissement de crédit,"3,0 (4)",https://www.google.com/maps/place/Vital+Finance/data=!4m7!3m6!1s0x102357a8750b4f57:0x272d8dc18698c855!8m2!3d6.3690113!4d2.3621192!16s%2Fg%2F11h6l1njfd!19sChIJV08LdahXIxARVciYhsGNLSc?authuser=0&hl=fr&rclk=1,N/A,"9996+JR5, Unnamed Road"
318,Credit & Investment Ltd,Courtier en prêts hypothécaires,N/A N/A,62 69 46 45,N/A,9C45+QC6
319,Crédit Mutuel du Bénin,Institution financière,N/A N/A,96 09 94 03,N/A,"99Q9+4CG, Crédit Mutuel du"
320,PADME BENIN,Institution financière,"4,4 (10)",21 32 48 02,http://www.padmebenin.org/,9CCG+9C7
321,Arconseil SAS,Conseiller financier,N/A N/A,90 08 09 58,https://arconseil-sas.business.site/?utm_source=gmb&utm_medium=referral,"Avenue Steinmetz, Immeuble BENELEC, 1er Etage En face de l'agence Ecobank 08 BP 1047"
322,CORIS BANK BENIN,Banque,"3,8 (29)",61 04 48 85,N/A,122 Boulevard Steinmetz
323,Agence de Développement de Sèmè City,Société de capital-risque,"4,5 (43)",21 36 87 28,N/A,21 36 87 28
324,CORIS BANK - STADE DE L'AMITIÉ,Banque,"4,0 (3)",https://www.google.com/maps/place/CORIS+BANK+-+STADE+DE+L%27AMITI%C3%89/data=!4m7!3m6!1s0x102355cc512d45fb:0x404c464a97cc0eec!8m2!3d6.38498!4d2.3825127!16s%2Fg%2F11rg22c2b3!19sChIJ-0UtUcxVIxAR7A7Ml0pGTEA?authuser=0&hl=fr&rclk=1,N/A,"99MM+X2R, Rue 2650"
325,Ayuda y Financiamiento,,N/A N/A,https://www.google.com/maps/place/Ayuda+y+Financiamiento/data=!4m7!3m6!1s0x10235503225e480f:0x944e6506d6c32945!8m2!3d6.3702928!4d2.3912362!16s%2Fg%2F11k0ynqsy5!19sChIJD0heIgNVIxARRSnD1gZlTpQ?authuser=0&hl=fr&rclk=1,N/A,229
326,NOVČANI KREDIT U HRVATSKOJ,Prêteur hypothécaire,N/A N/A,https://www.google.com/maps/place/NOV%C4%8CANI+KREDIT+U+HRVATSKOJ/data=!4m7!3m6!1s0x102355512db078bd:0xbfe230238df77fa1!8m2!3d6.3538926!4d2.4343121!16s%2Fg%2F11lgdndk74!19sChIJvXiwLVFVIxARoX_3jSMw4r8?authuser=0&hl=fr&rclk=1,N/A,00434
327,VIDDAS FINANCES Xpress Point,,N/A N/A,91 00 00 53,N/A,01BP 9144 Ouando
328,Diamond inverstment ltd,Prêteur hypothécaire,N/A N/A,https://www.google.com/maps/place/Diamond+inverstment+ltd/data=!4m7!3m6!1s0x1023558eca538749:0x80838a8a458bf2dd!8m2!3d6.3702928!4d2.3912362!16s%2Fg%2F11mb0pkgy8!19sChIJSYdTyo5VIxAR3fKLRYqKg4A?authuser=0&hl=fr&rclk=1,N/A,229
329,Agence Nationale de Surveillance des SFD du Bénin,Siège social,"4,4 (9)",21 30 90 58,N/A,21 30 90 58
330,MDB,Entreprise,"3,9 (18)",21 32 13 22,http://mdbbenin.com/,9C97+V8J
331,Investir au Bénin-Togo,Conseil en investissement,N/A N/A,96 27 36 04,https://investiraubenintogo.business.site/?utm_source=gmb&utm_medium=referral,02BP2364
332,Africa système finance,Agence de marketing,"4,0 (2)",N/A,https://m.me/112972943678451,08bp
333,Investissement en ligne,,N/A N/A,https://www.google.com/maps/place/Investissement+en+ligne/data=!4m7!3m6!1s0x10235597ea3015f7:0xed6819877cedd90e!8m2!3d6.369568!4d2.3908285!16s%2Fg%2F11py6gt04d!19sChIJ9xUw6pdVIxARDtntfIcZaO0?authuser=0&hl=fr&rclk=1,N/A,999R+R8G
334,Asmab,Siège social,"3,2 (14)",21 32 11 27,N/A,9C9F+XXP
335,LA DIVERSITÉ SERVICES IMMOBILIER,Service de transfert d'argent par mandat,N/A N/A,95 78 78 89,https://ladiversiteservicesimmobilier.business.site/?utm_source=gmb&utm_medium=referral,Cotonou akpakpa
336,Cabinet d'Expertise Comptable NCI,Cabinet d'expertise comptable,N/A N/A,N/A,http://www.cabinetnci.com/,"99V6+77J, Rue 2944"
337,Distributeurs Bank Of Africa Benin,Distributeur de billets,"2,8 (11)",21 31 32 28,https://www.boabenin.com/,"9C2J+PQ4 Banque Cotonou, Ave Jean-Paul II"
338,(BCPA) Bureau Conseil de Projets-Afrique,Organisme à but non lucratif,"2,5 (2)",N/A,https://www.google.com/url?sa=t&source=web&rct=j&url=https://www.bcpafrique.org/&ved=2ahUKEwiX-oWZ2KLvAhWk2uAKHX-oApsQFjACegQIAxAD&usg=AOvVaw2JGhZOmppQrdUt8wx2YuC3,993V+266
339,La Financière des Affaires,Consultant.e en commerce international,N/A N/A,94 62 53 82,N/A,"927 akpakpa, 05 box"
340,Conseil des investisseurs Privés au Bénin (CIPB),Association ou organisation,N/A N/A,N/A,http://www.cipb.bj/,03BP4304 Jéricho Avenue Mgr. Steinmetz
341,GCGroup Benin,Agence immobilière,"1,0 (1)",97 82 57 25,N/A,"9G95+Q55, RNIE1"
342,BIVAC SEGUB - Direction Générale,Siège social,"3,3 (19)",21 31 99 88,http://www.segub.bj/,9C4F+628
343,"CORIS BANK, agence Calavi",Banque,"3,3 (4)","https://www.google.com/maps/place/CORIS+BANK,+agence+Calavi/data=!4m7!3m6!1s0x1024a90e8a36b085:0x4fe3e54396131aaa!8m2!3d6.4731278!4d2.3534191!16s%2Fg%2F11hy9mhxpd!19sChIJhbA2ig6pJBARqhoTlkPl408?authuser=0&hl=fr&rclk=1",N/A,F9F3+793
344,Cabinet d'expert comptable SUTISUA - Cotonou,Cabinet d'expertise comptable,N/A N/A,67 68 67 34,N/A,"9C82+2Q7, Rue 560"
345,Cabinet CAC Conseil RH,Consultant en ressources humaines,N/A N/A,97 82 21 30,N/A,01 BP 2752
346,AFRICA FINANCES Houèto,Institution financière,N/A N/A,65 97 82 46,N/A,"BP462womey, Rte de Tankpé"
347,cDiscussion.com,Services aux entreprises,"4,0 (45)",61 70 14 46,http://www.cdiscussion.com/,"9FQ2+86Q, Rue 1264"
348,Banking & Finance Africa Consulting SAS,Services aux entreprises,N/A N/A,96 95 97 97,N/A,"Maison Aderomou Sadiath Alimatou, 11 Ave de la Liberation"
349,Service LCD SBLC Corporation et Negoce Commercial,Agence d'immatriculation automobile,N/A N/A,https://www.google.com/maps/place/Service+LCD+SBLC+Corporation+et+Negoce+Commercial/data=!4m7!3m6!1s0x10235559dfb6a1bb:0x27bd6c66c31893f9!8m2!3d6.3761541!4d2.407864!16s%2Fg%2F11rqjcy6ll!19sChIJu6G231lVIxAR-ZMYw2ZsvSc?authuser=0&hl=fr&rclk=1,N/A,LOT 1116F
350,Afrique Intégration,Agence d'immatriculation automobile,N/A N/A,97 91 72 72,https://afriqueintegration.wixsite.com/website,07BP1144
351,Groupement itc.consulting/Group-KRS SARL,Agence d'immatriculation automobile,N/A N/A,53 04 67 84,N/A,LOT 1116F
352,SHG SERVICES,Agence d'immatriculation automobile,"3,0 (1)",53 90 90 21,N/A,18 Abomey-Calavi
353,ASPHAR BENIN SARL,Agence d'immatriculation automobile,"4,5 (2)",96 16 95 85,https://aspharbenin.business.site/?utm_source=gmb&utm_medium=referral,Bp32
354,BENIN-IMMO,Agence immobilière,"4,6 (127)",66 44 84 84,http://www.benin-immo.com/,"Fidjrossè Calvaire, Immeuble orange à côté de Sun Beach Hôtel"
355,GANDA Immobilier et Construction,Agence immobilière,"4,4 (39)",54 90 08 05,http://www.gandaimmobilier.com/,"Kindonou, immeuble à côté de la station Ewell Cotonou"
356,Agence Immobilière BENIN HOUSE,Agence immobilière,"4,5 (22)",95 39 03 03,https://www.beninhouse.com/,Carré 3950
357,Agence immobilière Ladynad Immo,Agence immobilière,"4,6 (33)",96 61 26 49,N/A,"Immeuble BOCO, Quartier Menontin, Rue du collège Martin Luther King"
358,GRC IMMOBILIER,Agence immobilière,"4,4 (10)",51 51 90 54,N/A,"Jéricho, 04 Bp, 1451 C/0660"
359,PEKIN SARL,Agence immobilière,"4,4 (17)",96 33 12 21,http://www.pekinsarl.com/,96 33 12 21
360,Bolive Business Inter (Immobilier Bénin),Agence immobilière,"4,6 (7)",96 91 09 01,http://www.bolivebusinessinter.bj/,Derrière commissariat vodjè cotonou
361,ABC IMMOBILIUM,Agence d'immobilier d'entreprise,"4,0 (2)",60 61 24 20,N/A,01 BP 7059
362,AGENCE IMMOBILIÈRE DE LA CITÉ,Agence immobilière,"4,8 (5)",67 91 99 37,https://www.agenceimmocite.com/,O1BP1193 Cotonou /cité Houéyiho villa N3 allée des flamboyants
363,Link Immobilier,Agence immobilière,"4,6 (5)",94 73 53 83,https://linkimmobilier.bj/,Sikecodji Rue de la place bicentenaire
364,Agence immobilière Bénin immobilier (Plateforme Des Agences Immobilières Du Bénin),Agence immobilière,"4,0 (9)",96 73 83 29,http://www.benin-immobilier.com/,C/3470
365,immo Bénin construction,Agence immobilière,"4,5 (8)",94 91 91 38,N/A,"99RR+FH9, Rue 2650"
366,Kevin Group,Agence de location d'appartements,"5,0 (6)",96 25 25 60,N/A,09 BP 109
367,IMMOSUD BENIN,Agence immobilière,"4,6 (5)",66 39 40 41,https://www.immosud-benin.com/,499 Boulevard Steinmetz
368,Global Service Plus,Expert immobilier,"4,5 (13)",61 44 44 44,http://www.globalserviceimmo.com/,"à hauteur de l'échangeur, 02 BP1615 Cotonou, Bénin Godomey"
369,D.A.N IMMOBILIA CORPORATION SARL,Entreprise de construction,"4,0 (5)",66 67 71 49,http://www.immobiliacorporation.com/,Fidjrossé carrefour adjaha en face BOA
370,Innov'House,Expert immobilier,"4,2 (6)",97 81 90 35,https://kloo.me/Innov-House,"au bord des pavés en allant vers la von Lapin, Vêdoko, von Funaï"
371,West Coast Property,Agence immobilière,"3,6 (14)",21 30 17 67,http://www.wcphouseresort.com/,"Avenue Jean Paul 2, Rte De L'Aéroport"
372,Space home immobilier,Agence d'immobilier d'entreprise,"4,0 (1)",98 35 74 80,N/A,"Avotrou gbégo, 0719, 0"
373,Thenel groupe,Agence immobilière,"4,8 (16)",91 47 47 45,N/A,07BP737
374,Groupe Franchise Immobilier Sarl,Agence immobilière,"5,0 (3)",63 24 24 05,N/A,441
375,Gnigban,Agence d'immobilier d'entreprise,"5,0 (1)",97 95 20 04,N/A,"Rue 9.237 à partir du carrefour après Collège Martin Luther King, Maison 68 2è étage"
376,DIE-LAND SERVICES,Agence immobilière,"5,0 (2)",64 83 47 56,https://dielandservices.business.site/?utm_source=googlemybusiness&utm_medium=referral,"229 Cotonou, Carrefour Aïbatin"
377,DIASPORA IMMO BENIN,Agence immobilière,"4,5 (4)",97 90 95 95,N/A,01 BP 4692 COTONOU 962 LOT 227 Ayélawadjé Akpakpa
378,CIVEL-BENIN,Agence d'immobilier d'entreprise,N/A N/A,96 15 92 57,https://civel-immobilier.business.site/?utm_source=gmb&utm_medium=referral,ferdiatete@gmail.com
379,MBC Immo Bénin,Agence d'immobilier d'entreprise,N/A N/A,52 68 73 71,http://www.mbcimmo.com/,52 68 73 71
380,Ilehya Property Bénin,Agence immobilière,"4,9 (9)",52 74 62 74,N/A,BP 271
381,KABOD BENIN IMMO,Agence immobilière,"5,0 (3)",97 27 00 00,https://www.goafricaonline.com/bj/514816-kabob-immo-agences-immobilieres-cotonou-benin,"Rue 2043, N° 478 Africando AKPAKPA"
382,GCA,Agence d'immobilier d'entreprise,N/A N/A,66 33 85 36,N/A,444
383,Établissement Groupe El-Jireh,Agence d'immobilier d'entreprise,N/A N/A,97 19 28 69,N/A,07BP497 Cotonou: Fifadji dans la von du commissariat Après la mosquée
384,Emergence Immobilier Bénin,Agence immobilière,"5,0 (2)",90 33 33 05,https://emergence-immobilier-benin.business.site/?utm_source=gmb&utm_medium=referral,90 33 33 05
385,SUNVY,Agence d'immobilier d'entreprise,N/A N/A,97 01 69 42,N/A,+22997016942
386,GESCIA BENIN - AGENCE PORTO NOVO,Agence immobilière,"4,5 (2)",51 20 87 78,http://www.gescia-benin.com/,99HQ+7F7
387,THENEL GROUPE,Agence immobilière,"5,0 (3)",91 47 47 45,N/A,"9CR2+C6V, Rue 2810"
388,E-COYE IMMO,Agence immobilière,"5,0 (2)",60 60 79 69,https://e-coyeimmo.com/,00229
389,MUTATIONS OIZIS TC,Agence d'immobilier d'entreprise,N/A N/A,97 08 72 72,https://agbodarius64.wixsite.com/monsite-1,Carré 262 Scoa
390,Primature SARL,Agence d'immobilier d'entreprise,"3,0 (1)",52 17 00 00,N/A,98FR+Q7Q
391,Conforth0use,Agence d'immobilier d'entreprise,"5,0 (2)",98 74 14 37,http://www.conforth0use.com/,98 74 14 37
392,R A La providence immobilier benin,Agence d'immobilier d'entreprise,N/A N/A,https://www.google.com/maps/place/R+A+La+providence+immobilier+benin/data=!4m7!3m6!1s0x102357b48fdc06e3:0xb78c8e5ffaa10778!8m2!3d6.3896149!4d2.3558823!16s%2Fg%2F11mvp30k7v!19sChIJ4wbcj7RXIxAReAeh-l-OjLc?authuser=0&hl=fr&rclk=1,N/A,99Q4+R9R
393,GOODLUCK BUSINESS SERVICE,Agence d'immobilier d'entreprise,N/A N/A,96 06 01 60,https://goodluck-business-service-consulting.business.site/?utm_source=gmb&utm_medium=referral,BP2814
394,cOgroupe SARL,Agence de marketing,"5,0 (9)",91 45 61 61,N/A,Rue 402B
395,Scott le Positif,Agence d'immobilier d'entreprise,N/A N/A,97 77 02 96,https://scott-le-positif.business.site/?utm_source=gmb&utm_medium=referral,05bp366
396,BEL GROUPE,Agence immobilière,"5,0 (2)",95 72 61 46,N/A,99CR+4F9
397,Richesse D'Afrique Immo,Société immobilière,"3,7 (3)",97 29 26 60,N/A,N/A
398,Triomphe immobilier,Agence immobilière,"5,0 (1)",97 77 07 47,N/A,996X+P46
399,Immobilier Benin,Agence d'immobilier d'entreprise,N/A N/A,96 14 30 81,https://maison-et-villa-a-vendre-benin.business.site/?m=true,"vons de collège Martin Luther king, 2 rue"
400,IMMOBILIER INNOVATION,Agence immobilière,"4,0 (1)",62 03 25 77,N/A,"00229, Appartement Cotonou"
401,ICOLAC,Agence d'immobilier d'entreprise,N/A N/A,98 37 34 55,N/A,98 37 34 55
402,ARA SERVICES BENIN,Agence immobilière,"4,1 (8)",61 45 66 66,N/A,Abomey-Calavi
403,yennenga real estate sarl,Agence immobilière,"5,0 (1)",94 80 42 41,https://www.facebook.com/YereaImmo/,AKPAKPA
404,Djosac Immo,Agence immobilière,"5,0 (1)",66 56 00 56,N/A,Godomey
405,ETS Leprince immobilier,Agence d'immobilier d'entreprise,N/A N/A,94 56 96 41,N/A,94 56 96 41
406,Bureau Théï Services Immobiliers,Agence immobilière,"5,0 (1)",https://www.google.com/maps/place/Bureau+Th%C3%A9%C3%AF+Services+Immobiliers/data=!4m7!3m6!1s0x1023550bbf955425:0xb5a60c75a03927b9!8m2!3d6.3835523!4d2.3986432!16s%2Fg%2F11jkcj7mlq!19sChIJJVSVvwtVIxARuSc5oHUMprU?authuser=0&hl=fr&rclk=1,N/A,07bp0383
407,IMPACT AFRIQUE SERVICE,Agence immobilière,"4,7 (3)",96 34 34 93,N/A,96 34 34 93
408,Agence Immobilière Belhabitat Bénin,Agence immobilière,"4,0 (1)",97 92 92 10,https://belhabitatbenin.com/,00229
409,ELCRAINTES,Consultant immobilier,N/A N/A,96 73 69 19,https://elcraintes.business.site/?utm_source=gmb&utm_medium=referral,Bp 00229
410,Expertise First Immo,Cabinet de recrutement,"4,7 (3)",62 34 40 94,N/A,Rue 2673
411,AREAGENCY BENIN,Agence immobilière,"4,0 (1)",97 24 33 35,N/A,9959+74W
412,Cogemeci international,Agence immobilière,N/A N/A,62 01 12 12,N/A,229
413,DURALIUM Immobilier & BTP,Agence immobilière,"3,7 (3)",97 24 97 89,N/A,"98F8+9WG, Unnamed Road"
414,IMMEDIAT IMMO,Société de gestion immobilière,"5,0 (1)",96 85 86 59,N/A,"994F+CG2, Quartier"
415,Experencia IMMO Consulting Sarl,Agence immobilière,N/A N/A,95 76 53 81,N/A,01bp Cotonou Sikècodji face Église Vie profonde 3eme maison à étage
416,Westec-IMMO,Organisme de logement social,N/A N/A,94 43 94 94,https://westec-immo.com/,"Carré 1540 Quatier Sainte Rita, Cotonou rep du Benin"
417,OLAYITAN SERVICES,Agence immobilière,N/A N/A,64 89 89 00,N/A,"immeuble KEREKOU, Bp:100 Cotonou, Aibatin"
418,Force & Gloire Immobilier Services Bénin,Agence immobilière,N/A N/A,98 38 42 42,N/A,99M7+FJP
419,Hunters immobilier,Agence immobilière,N/A N/A,61 53 77 75,N/A,Akpakpa
420,Agence immobilière 2H PLUS (GBEGAMEY),Agence immobilière,N/A N/A,97 88 81 67,http://www.2h-plus.com/,9C65+9Q
421,BRIC Group Africa,Entreprise de construction,"4,0 (1)",60 41 27 83,https://bric-btp.business.site/?utm_source=gmb&utm_medium=referral,60 41 27 83
422,SIC BÉNIN IMMOBILIER,Société immobilière,"3,0 (1)",68 00 44 34,N/A,68 00 44 34
423,Benin Achat Immobilier,Agence immobilière,N/A N/A,61 10 00 04,N/A,229
424,TIMMO SA,Agence immobilière,N/A N/A,98 42 24 24,https://www.timmosa.com/,01 BP 2003 RP
425,GIVE SERVICES Agence immobiliere (+229)60192819,Agent immobilier,"5,0 (1)",60 19 28 19,N/A,agla Akplomey +229 60 19 28 19 1ere von à droite en quittant le pavé agla pour la pharmacie christal
426,Agent immo plus,Agence immobilière,N/A N/A,91 19 30 95,N/A,"Vèdoko lot 1469, Parcelle H"
427,VIVRE CHEZ SOI S.A.,Société immobilière,"4,0 (1)",95 14 24 04,https://vivrechezsoisa.com/,08 BP 106 Tripostal
428,ONE BUILD PLUS,Agence immobilière,N/A N/A,69 68 47 05,N/A,69 68 47 05
429,Immo Connect,Agence immobilière,N/A N/A,https://www.google.com/maps/place/Immo+Connect/data=!4m7!3m6!1s0x102357158d90fd05:0x5d0bbab55e72a3f9!8m2!3d6.3557577!4d2.3752353!16s%2Fg%2F11s0q606f8!19sChIJBf2QjRVXIxAR-aNyXrW6C10?authuser=0&hl=fr&rclk=1,N/A,N/A
430,Delco Multi Services,Agence d'immobilier d'entreprise,N/A N/A,96 56 64 55,http://www.delcomultiservices.com/,BP350
431,GB Consulting immo,Société de gestion immobilière,"4,0 (1)",97 46 06 34,https://gb-consulting-immo.business.site/,03BP2198 Cotonou Cotonou Vedoko
432,Gedeonimmo,Agent immobilier,N/A N/A,97 71 03 87,http://www.gedeonimmo644557382.wordpress.com/,C1526 Missekple 22997710387
433,Expathome Cotonou Relocation,Agence immobilière,N/A N/A,https://www.google.com/maps/place/Expathome+Cotonou+Relocation/data=!4m7!3m6!1s0x102355c300dc1ef3:0xf9a32688f9c120a3!8m2!3d6.3494413!4d2.3863434!16s%2Fg%2F11fsx9hm80!19sChIJ8x7cAMNVIxARoyDB-Ygmo_k?authuser=0&hl=fr&rclk=1,N/A,Galerie Commerciale EREVAN Parcelle N°1 Quartier AWHANLEKO Plage 01BP936
434,PEKIN SARL,Agence d'immobilier d'entreprise,"3,1 (8)",96 33 12 21,http://www.pekinsarl.com/,"F8JX+X68, Unnamed Rd"
435,IMMEUBLE ANANI TOUR,Siège social,"3,2 (5)",21 31 76 30,N/A,21 31 76 30
436,Houefa Service Immobilier Bénin,Agence immobilière,"5,0 (2)",62 53 53 51,N/A,"F82W+4PG, Calavi , acconville"
437,Exploit Produits et Services,Agence immobilière,N/A N/A,97 88 04 55,N/A,0
438,Greenwich Impression & Immobilier,Agent immobilier,N/A N/A,97 98 06 08,https://greenwich-impression-immobilier.business.site/?utm_source=gmb&utm_medium=referral,Avenue Isidore de Souza
439,ADJINANKOU GROUP | Agence de Communication au Bénin,Agence de publicité,"4,8 (5)",62 79 79 18,http://www.adjinankougroup.com/,62 79 79 18
440,L'immobilier de luxe,Agent immobilier,N/A N/A,91 54 88 88,N/A,91 54 88 88
441,Kryscobed expertise,Consultant immobilier,N/A N/A,N/A,https://www.kryscobedexpertisesarl.com/,00229
442,Agence immobilière 2H PLUS (MENONTIN),Agence immobilière,N/A N/A,97 88 81 67,http://www.2h-plus.com/,RNIE1
443,"Immeuble meublé, locative & À vendre",Agence immobilière,N/A N/A,61 19 19 19,N/A,N/A
444,Agence de référencement local à Cotonou,Service de marketing Internet,"5,0 (2)",97 26 06 55,https://agencedereferencementlocalseo.business.site/?utm_source=gmb&utm_medium=referral,06 BP 711
445,AFRICA IMMO BENIN,,"4,0 (12)",96 22 48 88,http://www.africaimmobenin.com/,Godomey
446,Immo Design Bénin,Promoteur immobilier,"5,0 (4)",90 55 55 53,https://www.facebook.com/ImmoDesignBenin?mibextid=ZbWKwL,Carrefour iita Qt. SEDOMEY
447,Agence Immobilière 2H PLUS,Société de gestion immobilière,"2,8 (12)",97 88 81 67,http://www.2h-plus.com/,BP : 2799 Abomey Calavi
448,Bénin House Immobilier,Agence immobilière,"5,0 (2)",66 00 70 16,N/A,04BP:1544 Cotonou cadjehoun
449,Orbite benin,Agence d'immobilier d'entreprise,N/A N/A,N/A,http://www.orbitebenin.com/,04BP5555
450,RESIDENCE OBAGIDI,Agence immobilière,N/A N/A,90 90 91 06,https://www.facebook.com/%E2%86%83-Bagidi-IMMO-101214348638353/,90 90 91 06
451,Calavi Kpota,Agence immobilière,"3,8 (25)",https://www.google.com/maps/place/Calavi+Kpota/data=!4m7!3m6!1s0x1024a9b3419b80a9:0xa2a80e63fa6fd366!8m2!3d6.4503125!4d2.3468125!16s%2Fg%2F11t6yhw2bd!19sChIJqYCbQbOpJBARZtNv-mMOqKI?authuser=0&hl=fr&rclk=1,N/A,F82W+4PF
452,BEAFRIM IMMOBILIER SARL,Agence d'immobilier d'entreprise,"4,5 (6)",97 04 41 51,http://beafrim-immo.com/,Porto Novo-Adjarra
453,Oliver club (Idriss ABOU),Agence d'immobilier d'entreprise,N/A N/A,53 94 32 10,N/A,+229
454,BEL ALLIANCE CONSULTING,Agence immobilière,N/A N/A,96 54 91 12,http://www.bel-alliance.com/,Von opposé à Pavillon bleu
455,immobiliers.bj,Expert immobilier,N/A N/A,60 63 63 16,https://immobiliers.bj/,"C/1456 Za Vèdoko, Rue Funaï"
456,Digital Immob,Agence immobilière,"5,0 (1)",68 68 92 92,N/A,04 BP 102
457,Agence Point Com',Agence de marketing,"5,0 (1)",97 74 29 32,N/A,"Ilot 621 Gbégamey, Cotonou"
458,Théï Services & Immobiliers,Agence immobilière,"3,0 (2)",https://www.google.com/maps/place/Th%C3%A9%C3%AF+Services+%26+Immobiliers/data=!4m7!3m6!1s0x102357a26952d27b:0xc9fc019f41ef15d!8m2!3d6.3706492!4d2.3405932!16s%2Fg%2F11pddwx1hg!19sChIJe9JSaaJXIxARXfEe9BnAnww?authuser=0&hl=fr&rclk=1,N/A,98CR+764
459,FORLAKE Immobilier,Agence immobilière,"5,0 (2)",60 17 04 04,https://web.facebook.com/forlakeimmobilierafrique/?ref=bookmarks,Carrefour IITA
460,WADE AGRO SERVICE BENIN,Agence d'immobilier d'entreprise,N/A N/A,97 91 39 64,N/A,"00229, Rte de Tankpé"
461,Cotonou,Société immobilière,"4,0 (1)",62 84 10 23,N/A,"@ Gmail.com, Etoile rouge"
462,GCGroup Benin,Agence immobilière,"1,0 (1)",97 82 57 25,N/A,"9G95+Q55, RNIE1"
463,GROUPE YAHMAFOC IMMOBILIER,Agence immobilière,"4,8 (4)",97 47 72 17,N/A,"F9F3+7WM, Unnamed Road"
464,Cotonou,Villa,N/A N/A,https://www.google.com/maps/place/Cotonou/data=!4m7!3m6!1s0x1023579b202da05b:0xa28b73f86e7c8b3!8m2!3d6.348551!4d2.361308!16s%2Fg%2F11tx2tjk3c!19sChIJW6AtIJtXIxARs8jnhj-3KAo?authuser=0&hl=fr&rclk=1,N/A,89X6+CG
465,NEW PHENIX INTER SARL,Agence d'immobilier d'entreprise,"5,0 (1)",90 06 10 00,N/A,90 06 10 00
466,.......,Immeuble en copropriété,N/A N/A,https://www.google.com/maps/place/......./data=!4m7!3m6!1s0x102355a6568a647d:0xf7b6111ee4a6995d!8m2!3d6.3530825!4d2.3898027!16s%2Fg%2F11slfzmlwf!19sChIJfWSKVqZVIxARXZmm5B4Rtvc?authuser=0&hl=fr&rclk=1,N/A,N/A
467,Cotonou,Villa,N/A N/A,https://www.google.com/maps/place/Cotonou/data=!4m7!3m6!1s0x103cab737d3ac3d7:0x709861d4597a49ee!8m2!3d6.3703068!4d2.4944131!16s%2Fg%2F11ty17qxys!19sChIJ18M6fXOrPBAR7kl6WdRhmHA?authuser=0&hl=fr&rclk=1,N/A,9FCV+5Q4
468,A'f Groupe Services,Agence de publicité,"5,0 (1)",68 00 75 14,N/A,"229, Cotonou, Bénin, Feu Terrain, Rue Pavée d'AGLA, 1er Carrefour, Bénin"
469,Ensemble Services,Agence immobilière,N/A N/A,94 92 15 04,http://e-ensembleservices.com/,BP001
470,PORTAIL IMMO,Promoteur immobilier,N/A N/A,N/A,http://rcportailimmo.com/,61 74 50 70
471,Lereflexe - Gestion et management des entreprises Bénin,Conseiller en gestion des affaires,"1,0 (1)",54 99 99 00,https://lereflexe.com/,C/ 1738 Maison Feu KAKPO François Cotonou
472,HOUSE SERVICE IMMOBILIER,Agence immobilière,N/A N/A,96 00 43 44,https://house-service-immobilier.business.site/,229
473,Immeuble Bénin Achat,Édifice à appartements,N/A N/A,61 10 00 04,N/A,"9CCF+HPP, Immeuble Bénin Achat, Jéricho"
